{"DocumentTypeId":"EasyJet.IATA.ColorFormatOne","FormId":"0fadef4e","FormName":"13559-71003836","OriginalFileExtension":"pdf","Pages":[{"Page":0,"Size":[0.0,0.0,841.0,595.0],"SkewAngle":0.0,"Evidence":[{"Text":"2022-08-11","Box":[272.702,43.56,49.4046,11.8157]},{"Text":"15,497.76","Box":[277.958,780.336,44.4641,11.8157]},{"Text":"2022-08-11","Box":[309.494,43.56,49.4046,11.8157]},{"Text":"900.00","Box":[314.75,795.24,29.6428,11.8157]},{"Text":"16,397.76","Box":[370.28,781.2,44.4641,11.3837]}],"Fields":[{"Field":"EasyJet.IATA.ColorFormatOne.InvoiceNumber","Box":[67.0897,415.1455,57.1838,18.0107]},{"Field":"EasyJet.IATA.ColorFormatOne.InvoiceDate","Box":[80.1474,412.8942,64.8383,17.1101]},{"Field":"EasyJet.IATA.ColorFormatOne.BillingEntityName","Box":[63.5719,143.1853,115.8553,30.3006]},{"Field":"EasyJet.IATA.ColorFormatOne.LocationCode","Box":[171.7171,417.9139,25.861,15.5166]},{"Field":"EasyJet.IATA.ColorFormatOne.CurrencyOfBilling","Box":[143.1847,417.3969,33.77,13.9583]},{"Field":"EasyJet.IATA.ColorFormatOne.VAT","Box":[418.4311,799.1052,29.4815,14.9994]},{"Field":"EasyJet.IATA.ColorFormatOne.Tax","Box":[401.8801,794.9674,38.2743,16.0338]},{"Field":"EasyJet.IATA.ColorFormatOne.TotalAmount","Box":[439.1199,771.1753,59.9975,16.551]}],"Tables":[{"FieldId":"EasyJet.IATA.ColorFormatOne.ItemTable","Headers":[{"FieldId":"EasyJet.IATA.ColorFormatOne.ItemTable.DateOfService","Box":[0.0,0.0,0.0,0.0]},{"FieldId":"EasyJet.IATA.ColorFormatOne.ItemTable.ChargeCode","Box":[0.0,0.0,0.0,0.0]},{"FieldId":"EasyJet.IATA.ColorFormatOne.ItemTable.LocCode","Box":[0.0,0.0,0.0,0.0]},{"FieldId":"EasyJet.IATA.ColorFormatOne.ItemTable.ProductId","Box":[0.0,0.0,0.0,0.0]},{"FieldId":"EasyJet.IATA.ColorFormatOne.ItemTable.Description","Box":[0.0,0.0,0.0,0.0]},{"FieldId":"EasyJet.IATA.ColorFormatOne.ItemTable.Quantity","Box":[0.0,0.0,0.0,0.0]},{"FieldId":"EasyJet.IATA.ColorFormatOne.ItemTable.Line_tax","Box":[0.0,0.0,0.0,0.0]},{"FieldId":"EasyJet.IATA.ColorFormatOne.ItemTable.Line_vat","Box":[0.0,0.0,0.0,0.0]},{"FieldId":"EasyJet.IATA.ColorFormatOne.ItemTable.Line_total_amt","Box":[0.0,0.0,0.0,0.0]}],"Cells":[{"Row":0,"Column":0,"Box":[263.8561,42.325,69.341,37.8224]},{"Row":0,"Column":1,"Box":[263.2651,112.754,36.2054,41.8948]},{"Row":0,"Column":2,"Box":[266.1074,152.6403,22.063,37.3721]},{"Row":0,"Column":3,"Box":[266.1074,180.1065,39.6234,35.571]},{"Row":0,"Column":4,"Box":[267.4582,221.9813,130.5772,33.3197]},{"Row":0,"Column":5,"Box":[268.3587,370.1189,36.4716,31.9689]},{"Row":0,"Column":6,"Box":[269.4717,677.0412,29.4815,29.9988]},{"Row":0,"Column":7,"Box":[270.5062,724.1082,33.1021,31.0332]},{"Row":0,"Column":8,"Box":[271.0234,774.2786,54.8253,22.7577]},{"Row":1,"Column":0,"Box":[305.7308,39.1732,71.1421,29.2673]},{"Row":1,"Column":1,"Box":[305.1599,112.2368,32.5849,33.1021]},{"Row":1,"Column":2,"Box":[308.4324,150.8392,22.063,24.7646]},{"Row":1,"Column":3,"Box":[308.4324,182.3579,39.6234,25.2149]},{"Row":1,"Column":4,"Box":[307.9822,222.8818,125.6243,25.6652]},{"Row":1,"Column":5,"Box":[308.4324,371.4697,38.7229,24.3144]},{"Row":1,"Column":6,"Box":[307.746,673.9379,35.171,26.3782]},{"Row":1,"Column":7,"Box":[306.1943,720.4877,38.2743,28.9643]},{"Row":1,"Column":8,"Box":[307.2288,784.623,47.5843,26.3782]}]}]},{"Page":1,"Size":[0.0,0.0,841.0,595.0],"SkewAngle":0.0,"Evidence":[{"Text":"IBAN","Box":[181.712,137.592,19.7619,11.3837]},{"Text":"SWIFT","Box":[181.712,320.112,24.7023,11.3837]},{"Text":"Bank","Box":[181.712,415.08,19.7619,11.3837]},{"Text":"Account","Box":[181.712,439.7823,34.5832,11.3837]},{"Text":"No","Box":[181.712,479.3059,9.8809,11.3837]}],"Fields":[{"Field":"EasyJet.IATA.ColorFormatOne.BankAccount","Box":[195.5092,418.9483,65.1697,23.7921]},{"Field":"EasyJet.IATA.ColorFormatOne.IBAN","Box":[193.9576,87.4102,127.7534,27.9299]}],"Tables":[]}],"AnchorBasedConfiguration":{"AnchorBasedFieldConfiguration":[]}}