{"DocumentTypeId":"EasyJet.IATA.ColorFormatOne","FormId":"6ea59be4","FormName":"15226-4993187","OriginalFileExtension":"pdf","Pages":[{"Page":0,"Size":[0.0,0.0,841.0,595.0],"SkewAngle":0.0,"Evidence":[{"Text":"2022-03-17","Box":[272.702,43.56,49.4046,11.8157]},{"Text":"1,466.50","Box":[277.958,785.304,39.5237,11.8157]},{"Text":"2022-03-17","Box":[309.494,43.56,49.4046,11.8157]},{"Text":"0.00","Box":[314.75,805.104,19.7619,11.8157]},{"Text":"2022-03-21","Box":[320.006,53.496,49.4046,11.8157]}],"Fields":[{"Field":"EasyJet.IATA.ColorFormatOne.InvoiceNumber","Box":[70.1643,415.4984,53.7012,15.6792]},{"Field":"EasyJet.IATA.ColorFormatOne.InvoiceDate","Box":[82.3157,414.7144,60.3649,13.3273]},{"Field":"EasyJet.IATA.ColorFormatOne.BillingEntityName","Box":[64.166,143.1853,129.5203,31.4889]},{"Field":"EasyJet.IATA.ColorFormatOne.LocationCode","Box":[174.8204,415.845,33.1021,15.5166]},{"Field":"EasyJet.IATA.ColorFormatOne.CurrencyOfBilling","Box":[144.6405,415.8903,34.1022,14.5032]},{"Field":"EasyJet.IATA.ColorFormatOne.VAT","Box":[418.2675,803.2637,25.5476,17.2298]},{"Field":"EasyJet.IATA.ColorFormatOne.Tax","Box":[402.8201,802.0754,30.3006,18.418]},{"Field":"EasyJet.IATA.ColorFormatOne.TotalAmount","Box":[436.6855,783.6574,46.9363,20.2004]}],"Tables":[{"FieldId":"EasyJet.IATA.ColorFormatOne.ItemTable","Headers":[{"FieldId":"EasyJet.IATA.ColorFormatOne.ItemTable.DateOfService","Box":[0.0,0.0,0.0,0.0]},{"FieldId":"EasyJet.IATA.ColorFormatOne.ItemTable.ChargeCode","Box":[0.0,0.0,0.0,0.0]},{"FieldId":"EasyJet.IATA.ColorFormatOne.ItemTable.LocCode","Box":[0.0,0.0,0.0,0.0]},{"FieldId":"EasyJet.IATA.ColorFormatOne.ItemTable.ProductId","Box":[0.0,0.0,0.0,0.0]},{"FieldId":"EasyJet.IATA.ColorFormatOne.ItemTable.Description","Box":[0.0,0.0,0.0,0.0]},{"FieldId":"EasyJet.IATA.ColorFormatOne.ItemTable.Quantity","Box":[0.0,0.0,0.0,0.0]},{"FieldId":"EasyJet.IATA.ColorFormatOne.ItemTable.Line_tax","Box":[0.0,0.0,0.0,0.0]},{"FieldId":"EasyJet.IATA.ColorFormatOne.ItemTable.Line_vat","Box":[0.0,0.0,0.0,0.0]},{"FieldId":"EasyJet.IATA.ColorFormatOne.ItemTable.Line_total_amt","Box":[0.0,0.0,0.0,0.0]}],"Cells":[{"Row":0,"Column":0,"Box":[263.8023,40.7659,71.3403,39.5899]},{"Row":0,"Column":1,"Box":[263.7823,113.2712,35.171,41.3776]},{"Row":0,"Column":2,"Box":[266.1541,150.5202,22.3428,33.7102]},{"Row":0,"Column":3,"Box":[265.7622,181.0946,41.9418,37.63]},{"Row":0,"Column":4,"Box":[267.3301,221.4685,117.5939,35.6701]},{"Row":0,"Column":5,"Box":[268.114,370.8127,36.0621,33.7102]},{"Row":0,"Column":6,"Box":[271.5406,671.869,33.1021,27.9299]},{"Row":0,"Column":7,"Box":[271.0234,723.0738,33.1021,31.0332]},{"Row":0,"Column":8,"Box":[267.92,774.2786,55.3426,28.4471]},{"Row":1,"Column":0,"Box":[306.1361,39.5899,72.1242,28.2225]},{"Row":1,"Column":1,"Box":[305.1599,110.6851,32.5849,34.1365]},{"Row":1,"Column":2,"Box":[309.2719,150.9121,21.9509,23.5188]},{"Row":1,"Column":3,"Box":[308.096,179.9186,43.1178,26.6546]},{"Row":1,"Column":4,"Box":[307.704,220.6845,123.8656,27.4386]},{"Row":1,"Column":5,"Box":[307.704,372.3806,39.5899,28.2225]},{"Row":1,"Column":6,"Box":[309.8149,673.9379,32.0677,22.7577]},{"Row":1,"Column":7,"Box":[309.8149,722.5566,34.1365,23.7921]},{"Row":1,"Column":8,"Box":[307.2288,791.8641,43.4465,25.861]}]}]},{"Page":1,"Size":[0.0,0.0,841.0,595.0],"SkewAngle":0.0,"Evidence":[{"Text":"IBAN","Box":[181.712,137.592,19.7619,11.3837]},{"Text":"SWIFT","Box":[181.712,320.112,24.7023,11.3837]},{"Text":"Bank","Box":[181.712,415.08,19.7619,11.3837]},{"Text":"Account","Box":[181.712,439.7823,34.5832,11.3837]},{"Text":"No","Box":[181.712,479.3059,9.8809,11.3837]}],"Fields":[{"Field":"EasyJet.IATA.ColorFormatOne.BankAccount","Box":[194.8746,424.8029,65.9484,25.5476]},{"Field":"EasyJet.IATA.ColorFormatOne.IBAN","Box":[196.0629,84.9606,128.9262,21.3887]}],"Tables":[]}],"AnchorBasedConfiguration":{"AnchorBasedFieldConfiguration":[]}}