{"DocumentId":"13558-81003972","ContentType":"application/pdf","Length":2844,"Pages":[{"PageIndex":0,"Size":[0.0,0.0,841.0,595.0],"Sections":[{"IndexInText":0,"Language":"eng","Length":39,"Rotation":"None","SkewAngle":0.0,"Type":"Paragraph","WordGroups":[{"IndexInText":0,"Length":39,"Type":"Heading","Words":[{"Box":[70.336,46.944,34.5832,11.3837],"Polygon":[46.944,70.336,81.5272,70.336,81.5272,81.7197,46.944,81.7197],"IndexInText":0,"OcrConfidence":1.0,"Text":"Billing","VisualLineNumber":1},{"Box":[70.336,86.4676,29.6428,11.3837],"Polygon":[86.4676,70.336,116.1104,70.336,116.1104,81.7197,86.4676,81.7197],"IndexInText":8,"OcrConfidence":1.0,"Text":"Entity","VisualLineNumber":1},{"Box":[70.336,121.0508,19.7618,11.3837],"Polygon":[121.0508,70.336,140.8126,70.336,140.8126,81.7197,121.0508,81.7197],"IndexInText":15,"OcrConfidence":1.0,"Text":"Name","VisualLineNumber":1},{"Box":[70.102,145.008,34.5832,11.8157],"Polygon":[145.008,70.102,179.5912,70.102,179.5912,81.9177,145.008,81.9177],"IndexInText":20,"OcrConfidence":1.0,"Text":"Glasgow","VisualLineNumber":1},{"Box":[70.102,184.5316,34.5832,11.8157],"Polygon":[184.5316,70.102,219.1148,70.102,219.1148,81.9177,184.5316,81.9177],"IndexInText":28,"OcrConfidence":1.0,"Text":"Airport","VisualLineNumber":1},{"Box":[70.102,224.0552,14.8214,11.8157],"Polygon":[224.0552,70.102,238.8766,70.102,238.8766,81.9177,224.0552,81.9177],"IndexInText":36,"OcrConfidence":1.0,"Text":"Ltd","VisualLineNumber":1}]}]},{"IndexInText":41,"Language":"eng","Length":26,"Rotation":"None","SkewAngle":0.0,"Type":"Paragraph","WordGroups":[{"IndexInText":41,"Length":26,"Type":"Heading","Words":[{"Box":[81.856,41.976,29.6428,11.3837],"Polygon":[41.976,81.856,71.6188,81.856,71.6188,93.2397,41.976,93.2397],"IndexInText":41,"OcrConfidence":1.0,"Text":"Entity","VisualLineNumber":2},{"Box":[81.856,76.5592,49.4045,11.3837],"Polygon":[76.5592,81.856,125.9637,81.856,125.9637,93.2397,76.5592,93.2397],"IndexInText":48,"OcrConfidence":1.0,"Text":"Designator","VisualLineNumber":2},{"Box":[81.856,130.9041,4.9405,11.3837],"Polygon":[130.9041,81.856,135.8446,81.856,135.8446,93.2397,130.9041,93.2397],"IndexInText":59,"OcrConfidence":1.0,"Text":"&","VisualLineNumber":2},{"Box":[81.478,145.008,29.6428,11.8157],"Polygon":[145.008,81.478,174.6508,81.478,174.6508,93.2937,145.008,93.2937],"IndexInText":61,"OcrConfidence":1.0,"Text":"XB-Q29","VisualLineNumber":2}]}]},{"IndexInText":69,"Language":"ron","Length":8,"Rotation":"None","SkewAngle":0.0,"Type":"Paragraph","WordGroups":[{"IndexInText":69,"Length":8,"Type":"Heading","Words":[{"Box":[92.368,101.376,39.5237,11.3837],"Polygon":[101.376,92.368,140.8997,92.368,140.8997,103.7517,101.376,103.7517],"IndexInText":69,"OcrConfidence":1.0,"Text":"Num.Code","VisualLineNumber":3}]}]},{"IndexInText":79,"Language":"ita","Length":7,"Rotation":"None","SkewAngle":0.0,"Type":"Header","WordGroups":[{"IndexInText":79,"Length":7,"Type":"Other","Words":[{"Box":[7.825,387.288,61.4842,20.2387],"Polygon":[387.288,7.825,448.7722,7.825,448.7722,28.0637,387.288,28.0637],"IndexInText":79,"OcrConfidence":1.0,"Text":"Invoice","VisualLineNumber":0}]}]},{"IndexInText":88,"Language":"ita","Length":18,"Rotation":"None","SkewAngle":0.0,"Type":"Paragraph","WordGroups":[{"IndexInText":88,"Length":18,"Type":"Other","Words":[{"Box":[71.344,368.784,34.5832,11.3837],"Polygon":[368.784,71.344,403.3672,71.344,403.3672,82.7277,368.784,82.7277],"IndexInText":88,"OcrConfidence":1.0,"Text":"Invoice","VisualLineNumber":1},{"Box":[71.344,408.3076,4.9405,11.3837],"Polygon":[408.3076,71.344,413.2481,71.344,413.2481,82.7277,408.3076,82.7277],"IndexInText":96,"OcrConfidence":1.0,"Text":"#","VisualLineNumber":1},{"Box":[70.966,419.256,39.5237,11.8157],"Polygon":[419.256,70.966,458.7797,70.966,458.7797,82.7817,419.256,82.7817],"IndexInText":98,"OcrConfidence":1.0,"Text":"81003972","VisualLineNumber":1}]}]},{"IndexInText":108,"Language":"ron","Length":15,"Rotation":"None","SkewAngle":0.0,"Type":"Paragraph","WordGroups":[{"IndexInText":108,"Length":15,"Type":"Other","Words":[{"Box":[82.792,393.552,19.7619,11.3837],"Polygon":[393.552,82.792,413.3139,82.792,413.3139,94.1757,393.552,94.1757],"IndexInText":108,"OcrConfidence":1.0,"Text":"Date","VisualLineNumber":2},{"Box":[82.414,419.256,49.4046,11.8157],"Polygon":[419.256,82.414,468.6606,82.414,468.6606,94.2297,419.256,94.2297],"IndexInText":113,"OcrConfidence":1.0,"Text":"2022-08-17","VisualLineNumber":2}]}]},{"IndexInText":125,"Language":"eng","Length":17,"Rotation":"None","SkewAngle":0.0,"Type":"Paragraph","WordGroups":[{"IndexInText":125,"Length":17,"Type":"Heading","Words":[{"Box":[94.312,363.888,49.4046,11.3837],"Polygon":[363.888,94.312,413.2926,94.312,413.2926,105.6957,363.888,105.6957],"IndexInText":125,"OcrConfidence":1.0,"Text":"Month/Year","VisualLineNumber":3},{"Box":[93.934,419.256,14.8214,11.8157],"Polygon":[419.256,93.934,434.0774,93.934,434.0774,105.7497,419.256,105.7497],"IndexInText":136,"OcrConfidence":1.0,"Text":"Aug","VisualLineNumber":3},{"Box":[93.934,439.0178,9.881,11.8157],"Polygon":[439.0178,93.934,448.8988,93.934,448.8988,105.7497,439.0178,105.7497],"IndexInText":140,"OcrConfidence":1.0,"Text":"22","VisualLineNumber":3}]}]},{"IndexInText":144,"Language":"eng","Length":16,"Rotation":"None","SkewAngle":0.0,"Type":"Header","WordGroups":[{"IndexInText":144,"Length":16,"Type":"Other","Words":[{"Box":[7.099,739.512,49.4051,13.1287],"Polygon":[739.512,7.099,788.9171,7.099,788.9171,20.2277,739.512,20.2277],"IndexInText":144,"OcrConfidence":1.0,"Text":"Digitally","VisualLineNumber":0},{"Box":[7.099,794.4065,32.9368,13.1287],"Polygon":[794.4065,7.099,827.3433,7.099,827.3433,20.2277,794.4065,20.2277],"IndexInText":154,"OcrConfidence":1.0,"Text":"Signed","VisualLineNumber":0}]}]},{"IndexInText":162,"Language":"eng","Length":37,"Rotation":"None","SkewAngle":0.0,"Type":"Paragraph","WordGroups":[{"IndexInText":162,"Length":37,"Type":"Other","Words":[{"Box":[70.048,597.744,29.6428,11.3837],"Polygon":[597.744,70.048,627.3868,70.048,627.3868,81.4317,597.744,81.4317],"IndexInText":162,"OcrConfidence":1.0,"Text":"Billed","VisualLineNumber":1},{"Box":[70.048,632.3272,29.6427,11.3837],"Polygon":[632.3272,70.048,661.9699,70.048,661.9699,81.4317,632.3272,81.4317],"IndexInText":169,"OcrConfidence":1.0,"Text":"Entity","VisualLineNumber":1},{"Box":[70.048,666.9103,19.7619,11.3837],"Polygon":[666.9103,70.048,686.6722,70.048,686.6722,81.4317,666.9103,81.4317],"IndexInText":176,"OcrConfidence":1.0,"Text":"Name","VisualLineNumber":1},{"Box":[69.67,692.568,34.5832,11.8157],"Polygon":[692.568,69.67,727.1512,69.67,727.1512,81.4857,692.568,81.4857],"IndexInText":181,"OcrConfidence":1.0,"Text":"EASYJET","VisualLineNumber":1},{"Box":[69.67,732.0916,9.881,11.8157],"Polygon":[732.0916,69.67,741.9726,69.67,741.9726,81.4857,732.0916,81.4857],"IndexInText":189,"OcrConfidence":1.0,"Text":"UK","VisualLineNumber":1},{"Box":[69.67,746.913,34.5832,11.8157],"Polygon":[746.913,69.67,781.4962,69.67,781.4962,81.4857,746.913,81.4857],"IndexInText":192,"OcrConfidence":1.0,"Text":"LIMITED","VisualLineNumber":1}]}]},{"IndexInText":201,"Language":"eng","Length":26,"Rotation":"None","SkewAngle":0.0,"Type":"Paragraph","WordGroups":[{"IndexInText":201,"Length":26,"Type":"Other","Words":[{"Box":[81.856,588.096,29.6428,11.3837],"Polygon":[588.096,81.856,617.7388,81.856,617.7388,93.2397,588.096,93.2397],"IndexInText":201,"OcrConfidence":1.0,"Text":"Entity","VisualLineNumber":2},{"Box":[81.856,622.6792,49.4045,11.3837],"Polygon":[622.6792,81.856,672.0837,81.856,672.0837,93.2397,622.6792,93.2397],"IndexInText":208,"OcrConfidence":1.0,"Text":"Designator","VisualLineNumber":2},{"Box":[81.856,677.0241,4.9405,11.3837],"Polygon":[677.0241,81.856,681.9646,81.856,681.9646,93.2397,677.0241,93.2397],"IndexInText":219,"OcrConfidence":1.0,"Text":"&","VisualLineNumber":2},{"Box":[81.478,692.712,29.6428,11.8157],"Polygon":[692.712,81.478,722.3548,81.478,722.3548,93.2937,692.712,93.2937],"IndexInText":221,"OcrConfidence":1.0,"Text":"U2-35Q","VisualLineNumber":2}]}]},{"IndexInText":229,"Language":"ron","Length":8,"Rotation":"None","SkewAngle":0.0,"Type":"Paragraph","WordGroups":[{"IndexInText":229,"Length":8,"Type":"Other","Words":[{"Box":[92.368,647.496,39.5237,11.3837],"Polygon":[647.496,92.368,687.0197,92.368,687.0197,103.7517,647.496,103.7517],"IndexInText":229,"OcrConfidence":1.0,"Text":"Num.Code","VisualLineNumber":3}]}]},{"IndexInText":239,"Language":"eng","Length":2139,"Rotation":"None","SkewAngle":0.0,"Type":"Table","WordGroups":[{"IndexInText":239,"Length":1069,"Type":"TableRowEnd","Words":[{"Box":[104.034,86.04,39.5237,11.3837],"Polygon":[86.04,104.034,125.5637,104.034,125.5637,115.4177,86.04,115.4177],"IndexInText":239,"OcrConfidence":1.0,"Text":"Location","VisualLineNumber":4},{"Box":[104.034,130.5041,9.8809,11.3837],"Polygon":[130.5041,104.034,140.385,104.034,140.385,115.4177,130.5041,115.4177],"IndexInText":248,"OcrConfidence":1.0,"Text":"ID","VisualLineNumber":4},{"Box":[103.656,146.448,4.9405,11.8157],"Polygon":[146.448,103.656,151.3885,103.656,151.3885,115.4717,146.448,115.4717],"IndexInText":251,"OcrConfidence":1.0,"Text":"3","VisualLineNumber":4},{"Box":[105.042,384.84,29.6428,11.3837],"Polygon":[384.84,105.042,414.4828,105.042,414.4828,116.4257,384.84,116.4257],"IndexInText":253,"OcrConfidence":1.0,"Text":"Period","VisualLineNumber":4},{"Box":[104.664,420.48,9.881,11.8157],"Polygon":[420.48,104.664,430.361,104.664,430.361,116.4797,420.48,116.4797],"IndexInText":260,"OcrConfidence":1.0,"Text":"02","VisualLineNumber":4},{"Box":[104.034,631.656,39.5237,11.3837],"Polygon":[631.656,104.034,671.1797,104.034,671.1797,115.4177,631.656,115.4177],"IndexInText":263,"OcrConfidence":1.0,"Text":"Location","VisualLineNumber":4},{"Box":[104.034,676.1201,9.8809,11.3837],"Polygon":[676.1201,104.034,686.001,104.034,686.001,115.4177,676.1201,115.4177],"IndexInText":272,"OcrConfidence":1.0,"Text":"ID","VisualLineNumber":4},{"Box":[103.656,692.064,19.7619,11.8157],"Polygon":[692.064,103.656,711.8259,103.656,711.8259,115.4717,692.064,115.4717],"IndexInText":275,"OcrConfidence":1.0,"Text":"Main","VisualLineNumber":4},{"Box":[114.546,71.208,34.5832,11.3837],"Polygon":[71.208,114.546,105.7912,114.546,105.7912,125.9297,71.208,125.9297],"IndexInText":280,"OcrConfidence":1.0,"Text":"Contact","VisualLineNumber":5},{"Box":[114.546,110.7316,29.6428,11.3837],"Polygon":[110.7316,114.546,140.3744,114.546,140.3744,125.9297,110.7316,125.9297],"IndexInText":288,"OcrConfidence":1.0,"Text":"Person","VisualLineNumber":5},{"Box":[115.554,325.44,14.8214,11.3837],"Polygon":[325.44,115.554,340.2614,115.554,340.2614,126.9377,325.44,126.9377],"IndexInText":295,"OcrConfidence":1.0,"Text":"Tax","VisualLineNumber":5},{"Box":[115.554,345.2018,34.5832,11.3837],"Polygon":[345.2018,115.554,379.785,115.554,379.785,126.9377,345.2018,126.9377],"IndexInText":299,"OcrConfidence":1.0,"Text":"Invoice","VisualLineNumber":5},{"Box":[115.554,384.7254,29.6428,11.3837],"Polygon":[384.7254,115.554,414.3682,115.554,414.3682,126.9377,384.7254,126.9377],"IndexInText":307,"OcrConfidence":1.0,"Text":"Number","VisualLineNumber":5},{"Box":[114.546,616.824,34.5832,11.3837],"Polygon":[616.824,114.546,651.4072,114.546,651.4072,125.9297,616.824,125.9297],"IndexInText":314,"OcrConfidence":1.0,"Text":"Contact","VisualLineNumber":5},{"Box":[114.546,656.3476,29.6428,11.3837],"Polygon":[656.3476,114.546,685.9904,114.546,685.9904,125.9297,656.3476,125.9297],"IndexInText":322,"OcrConfidence":1.0,"Text":"Person","VisualLineNumber":5},{"Box":[125.058,110.808,29.6428,11.3837],"Polygon":[110.808,125.058,140.4508,125.058,140.4508,136.4417,110.808,136.4417],"IndexInText":329,"OcrConfidence":1.0,"Text":"Street","VisualLineNumber":6},{"Box":[124.68,146.448,34.5832,11.8157],"Polygon":[146.448,124.68,181.0312,124.68,181.0312,136.4957,146.448,136.4957],"IndexInText":336,"OcrConfidence":1.0,"Text":"Erskine","VisualLineNumber":6},{"Box":[124.68,185.9716,24.7023,11.8157],"Polygon":[185.9716,124.68,210.6739,124.68,210.6739,136.4957,185.9716,136.4957],"IndexInText":344,"OcrConfidence":1.0,"Text":"Court","VisualLineNumber":6},{"Box":[126.066,340.272,29.6428,11.3837],"Polygon":[340.272,126.066,369.9148,126.066,369.9148,137.4497,340.272,137.4497],"IndexInText":350,"OcrConfidence":1.0,"Text":"Charge","VisualLineNumber":6},{"Box":[126.066,374.8552,39.5236,11.3837],"Polygon":[374.8552,126.066,414.3788,126.066,414.3788,137.4497,374.8552,137.4497],"IndexInText":357,"OcrConfidence":1.0,"Text":"Category","VisualLineNumber":6},{"Box":[125.688,420.48,34.5832,11.8157],"Polygon":[420.48,125.688,455.0632,125.688,455.0632,137.5037,420.48,137.5037],"IndexInText":366,"OcrConfidence":1.0,"Text":"Airport","VisualLineNumber":6},{"Box":[125.058,656.424,29.6428,11.3837],"Polygon":[656.424,125.058,686.0668,125.058,686.0668,136.4417,656.424,136.4417],"IndexInText":374,"OcrConfidence":1.0,"Text":"Street","VisualLineNumber":6},{"Box":[124.68,692.064,39.5237,11.8157],"Polygon":[692.064,124.68,731.5877,124.68,731.5877,136.4957,692.064,136.4957],"IndexInText":381,"OcrConfidence":1.0,"Text":"Easyland","VisualLineNumber":6},{"Box":[124.68,736.5281,39.5236,11.8157],"Polygon":[736.5281,124.68,776.0517,124.68,776.0517,136.4957,736.5281,136.4957],"IndexInText":390,"OcrConfidence":1.0,"Text":"Purchase","VisualLineNumber":6},{"Box":[124.68,780.9921,29.6428,11.8157],"Polygon":[780.9921,124.68,810.6349,124.68,810.6349,136.4957,780.9921,136.4957],"IndexInText":399,"OcrConfidence":1.0,"Text":"Ledger","VisualLineNumber":6},{"Box":[135.192,146.448,9.881,11.8157],"Polygon":[146.448,135.192,156.329,135.192,156.329,147.0077,146.448,147.0077],"IndexInText":406,"OcrConfidence":1.0,"Text":"St","VisualLineNumber":7},{"Box":[135.192,161.2694,34.5832,11.8157],"Polygon":[161.2694,135.192,195.8526,135.192,195.8526,147.0077,161.2694,147.0077],"IndexInText":409,"OcrConfidence":1.0,"Text":"Andrews","VisualLineNumber":7},{"Box":[135.192,200.793,24.7023,11.8157],"Polygon":[200.793,135.192,225.4953,135.192,225.4953,147.0077,200.793,147.0077],"IndexInText":417,"OcrConfidence":1.0,"Text":"Drive","VisualLineNumber":7},{"Box":[136.578,320.472,39.5237,11.3837],"Polygon":[320.472,136.578,359.9957,136.578,359.9957,147.9617,320.472,147.9617],"IndexInText":423,"OcrConfidence":1.0,"Text":"Currency","VisualLineNumber":7},{"Box":[136.578,364.9361,9.8809,11.3837],"Polygon":[364.9361,136.578,374.817,136.578,374.817,147.9617,364.9361,147.9617],"IndexInText":432,"OcrConfidence":1.0,"Text":"of","VisualLineNumber":7},{"Box":[136.578,379.7574,34.5832,11.3837],"Polygon":[379.7574,136.578,414.3406,136.578,414.3406,147.9617,379.7574,147.9617],"IndexInText":435,"OcrConfidence":1.0,"Text":"Billing","VisualLineNumber":7},{"Box":[136.2,420.48,14.8214,11.8157],"Polygon":[420.48,136.2,435.3014,136.2,435.3014,148.0157,420.48,148.0157],"IndexInText":443,"OcrConfidence":1.0,"Text":"GBP","VisualLineNumber":7},{"Box":[135.192,692.064,49.4046,11.8157],"Polygon":[692.064,135.192,741.4686,135.192,741.4686,147.0077,692.064,147.0077],"IndexInText":447,"OcrConfidence":1.0,"Text":"Department","VisualLineNumber":7},{"Box":[146.082,120.672,19.7619,11.3837],"Polygon":[120.672,146.082,140.4339,146.082,140.4339,157.4657,120.672,157.4657],"IndexInText":458,"OcrConfidence":1.0,"Text":"City","VisualLineNumber":8},{"Box":[145.704,146.448,34.5832,11.8157],"Polygon":[146.448,145.704,181.0312,145.704,181.0312,157.5197,146.448,157.5197],"IndexInText":463,"OcrConfidence":1.0,"Text":"Paisley","VisualLineNumber":8},{"Box":[147.09,330.408,49.4046,11.3837],"Polygon":[330.408,147.09,379.8126,147.09,379.8126,158.4737,330.408,158.4737],"IndexInText":471,"OcrConfidence":1.0,"Text":"Settlement","VisualLineNumber":8},{"Box":[147.09,384.753,29.6427,11.3837],"Polygon":[384.753,147.09,414.3957,147.09,414.3957,158.4737,384.753,158.4737],"IndexInText":482,"OcrConfidence":1.0,"Text":"Method","VisualLineNumber":8},{"Box":[146.712,420.48,44.4641,11.8157],"Polygon":[420.48,146.712,464.9441,146.712,464.9441,158.5277,420.48,158.5277],"IndexInText":489,"OcrConfidence":1.0,"Text":"BILATERAL","VisualLineNumber":8},{"Box":[145.704,692.064,59.2855,11.8157],"Polygon":[692.064,145.704,751.3495,145.704,751.3495,157.5197,692.064,157.5197],"IndexInText":499,"OcrConfidence":1.0,"Text":"London-Luton","VisualLineNumber":8},{"Box":[145.704,756.2899,34.5832,11.8157],"Polygon":[756.2899,145.704,790.8731,145.704,790.8731,157.5197,756.2899,157.5197],"IndexInText":512,"OcrConfidence":1.0,"Text":"Airport","VisualLineNumber":8},{"Box":[156.594,81.072,59.2855,11.3837],"Polygon":[81.072,156.594,140.3575,156.594,140.3575,167.9777,81.072,167.9777],"IndexInText":520,"OcrConfidence":1.0,"Text":"State/Region","VisualLineNumber":9},{"Box":[156.216,146.448,59.2855,11.8157],"Polygon":[146.448,156.216,205.7335,156.216,205.7335,168.0317,146.448,168.0317],"IndexInText":533,"OcrConfidence":1.0,"Text":"Renfrewshire","VisualLineNumber":9},{"Box":[157.602,369.936,9.881,11.3837],"Polygon":[369.936,157.602,379.817,157.602,379.817,168.9857,369.936,168.9857],"IndexInText":546,"OcrConfidence":1.0,"Text":"PO","VisualLineNumber":9},{"Box":[157.602,384.7574,29.6427,11.3837],"Polygon":[384.7574,157.602,414.4001,157.602,414.4001,168.9857,384.7574,168.9857],"IndexInText":549,"OcrConfidence":1.0,"Text":"Number","VisualLineNumber":9},{"Box":[156.216,692.064,29.6428,11.8157],"Polygon":[692.064,156.216,721.7068,156.216,721.7068,168.0317,692.064,168.0317],"IndexInText":556,"OcrConfidence":1.0,"Text":"Hangar","VisualLineNumber":9},{"Box":[156.216,726.6472,9.8809,11.8157],"Polygon":[726.6472,156.216,736.5281,156.216,736.5281,168.0317,726.6472,168.0317],"IndexInText":563,"OcrConfidence":1.0,"Text":"89","VisualLineNumber":9},{"Box":[167.106,66.24,49.4046,11.3837],"Polygon":[66.24,167.106,115.6446,167.106,115.6446,178.4897,66.24,178.4897],"IndexInText":566,"OcrConfidence":1.0,"Text":"Zip/Postal","VisualLineNumber":10},{"Box":[167.106,120.585,19.7618,11.3837],"Polygon":[120.585,167.106,140.3468,167.106,140.3468,178.4897,120.585,178.4897],"IndexInText":577,"OcrConfidence":1.0,"Text":"Code","VisualLineNumber":10},{"Box":[166.728,146.448,14.8214,11.8157],"Polygon":[146.448,166.728,161.2694,166.728,161.2694,178.5437,146.448,178.5437],"IndexInText":582,"OcrConfidence":1.0,"Text":"PA3","VisualLineNumber":10},{"Box":[166.728,166.2098,14.8214,11.8157],"Polygon":[166.2098,166.728,181.0312,166.728,181.0312,178.5437,166.2098,178.5437],"IndexInText":586,"OcrConfidence":1.0,"Text":"2SW","VisualLineNumber":10},{"Box":[168.114,350.208,39.5237,11.3837],"Polygon":[350.208,168.114,389.7317,168.114,389.7317,179.4977,350.208,179.4977],"IndexInText":590,"OcrConfidence":1.0,"Text":"Location","VisualLineNumber":10},{"Box":[168.114,394.6721,19.7618,11.3837],"Polygon":[394.6721,168.114,414.4339,168.114,414.4339,179.4977,394.6721,179.4977],"IndexInText":599,"OcrConfidence":1.0,"Text":"Code","VisualLineNumber":10},{"Box":[167.736,420.48,14.8214,11.8157],"Polygon":[420.48,167.736,435.3014,167.736,435.3014,179.5517,420.48,179.5517],"IndexInText":604,"OcrConfidence":1.0,"Text":"GLA","VisualLineNumber":10},{"Box":[167.106,666.288,19.7619,11.3837],"Polygon":[666.288,167.106,686.0499,167.106,686.0499,178.4897,666.288,178.4897],"IndexInText":608,"OcrConfidence":1.0,"Text":"City","VisualLineNumber":10},{"Box":[166.728,692.064,24.7023,11.8157],"Polygon":[692.064,166.728,716.7663,166.728,716.7663,178.5437,692.064,178.5437],"IndexInText":613,"OcrConfidence":1.0,"Text":"Luton","VisualLineNumber":10},{"Box":[177.618,105.84,34.5832,11.3837],"Polygon":[105.84,177.618,140.4232,177.618,140.4232,189.0017,105.84,189.0017],"IndexInText":619,"OcrConfidence":1.0,"Text":"Country","VisualLineNumber":11},{"Box":[177.24,146.448,29.6428,11.8157],"Polygon":[146.448,177.24,176.0908,177.24,176.0908,189.0557,146.448,189.0557],"IndexInText":627,"OcrConfidence":1.0,"Text":"UNITED","VisualLineNumber":11},{"Box":[177.24,181.0312,34.5832,11.8157],"Polygon":[181.0312,177.24,215.6144,177.24,215.6144,189.0557,181.0312,189.0557],"IndexInText":634,"OcrConfidence":1.0,"Text":"KINGDOM","VisualLineNumber":11},{"Box":[178.626,335.304,54.345,11.3837],"Polygon":[335.304,178.626,389.649,178.626,389.649,190.0097,335.304,190.0097],"IndexInText":642,"OcrConfidence":1.0,"Text":"Transmitter","VisualLineNumber":11},{"Box":[178.626,394.5894,19.7619,11.3837],"Polygon":[394.5894,178.626,414.3513,178.626,414.3513,190.0097,394.5894,190.0097],"IndexInText":654,"OcrConfidence":1.0,"Text":"Code","VisualLineNumber":11},{"Box":[178.248,420.48,29.6428,11.8157],"Polygon":[420.48,178.248,450.1228,178.248,450.1228,190.0637,420.48,190.0637],"IndexInText":659,"OcrConfidence":1.0,"Text":"XB-Q29","VisualLineNumber":11},{"Box":[177.618,626.688,59.2855,11.3837],"Polygon":[626.688,177.618,685.9735,177.618,685.9735,189.0017,626.688,189.0017],"IndexInText":666,"OcrConfidence":1.0,"Text":"State/Region","VisualLineNumber":11},{"Box":[177.24,692.064,59.2855,11.8157],"Polygon":[692.064,177.24,751.3495,177.24,751.3495,189.0557,692.064,189.0557],"IndexInText":679,"OcrConfidence":1.0,"Text":"Bedfordshire","VisualLineNumber":11},{"Box":[188.13,31.608,34.5832,11.3837],"Polygon":[31.608,188.13,66.1912,188.13,66.1912,199.5137,31.608,199.5137],"IndexInText":692,"OcrConfidence":1.0,"Text":"Tax/VAT","VisualLineNumber":12},{"Box":[188.13,71.1316,59.2855,11.3837],"Polygon":[71.1316,188.13,130.4171,188.13,130.4171,199.5137,71.1316,199.5137],"IndexInText":700,"OcrConfidence":1.0,"Text":"Registration","VisualLineNumber":12},{"Box":[188.13,135.3575,4.9405,11.3837],"Polygon":[135.3575,188.13,140.298,188.13,140.298,199.5137,135.3575,199.5137],"IndexInText":713,"OcrConfidence":1.0,"Text":"#","VisualLineNumber":12},{"Box":[187.752,146.448,9.881,11.8157],"Polygon":[146.448,187.752,156.329,187.752,156.329,199.5677,146.448,199.5677],"IndexInText":715,"OcrConfidence":1.0,"Text":"GB","VisualLineNumber":12},{"Box":[187.752,161.2694,14.8214,11.8157],"Polygon":[161.2694,187.752,176.0908,187.752,176.0908,199.5677,161.2694,199.5677],"IndexInText":718,"OcrConfidence":1.0,"Text":"927","VisualLineNumber":12},{"Box":[187.752,181.0312,19.7618,11.8157],"Polygon":[181.0312,187.752,200.793,187.752,200.793,199.5677,181.0312,199.5677],"IndexInText":722,"OcrConfidence":1.0,"Text":"3652","VisualLineNumber":12},{"Box":[187.752,205.7334,9.881,11.8157],"Polygon":[205.7334,187.752,215.6144,187.752,215.6144,199.5677,205.7334,199.5677],"IndexInText":727,"OcrConfidence":1.0,"Text":"08","VisualLineNumber":12},{"Box":[189.138,335.304,54.345,11.3837],"Polygon":[335.304,189.138,389.649,189.138,389.649,200.5217,335.304,200.5217],"IndexInText":730,"OcrConfidence":1.0,"Text":"Transmitter","VisualLineNumber":12},{"Box":[189.138,394.5894,19.7619,11.3837],"Polygon":[394.5894,189.138,414.3513,189.138,414.3513,200.5217,394.5894,200.5217],"IndexInText":742,"OcrConfidence":1.0,"Text":"Name","VisualLineNumber":12},{"Box":[188.76,420.48,14.8214,11.8157],"Polygon":[420.48,188.76,435.3014,188.76,435.3014,200.5757,420.48,200.5757],"IndexInText":747,"OcrConfidence":1.0,"Text":"AGS","VisualLineNumber":12},{"Box":[188.76,440.2418,39.5237,11.8157],"Polygon":[440.2418,188.76,479.7655,188.76,479.7655,200.5757,440.2418,200.5757],"IndexInText":751,"OcrConfidence":1.0,"Text":"Airports","VisualLineNumber":12},{"Box":[188.76,484.7059,14.8214,11.8157],"Polygon":[484.7059,188.76,499.5273,188.76,499.5273,200.5757,484.7059,200.5757],"IndexInText":760,"OcrConfidence":1.0,"Text":"Ltd","VisualLineNumber":12},{"Box":[188.13,611.856,49.4046,11.3837],"Polygon":[611.856,188.13,661.2606,188.13,661.2606,199.5137,611.856,199.5137],"IndexInText":764,"OcrConfidence":1.0,"Text":"Zip/Postal","VisualLineNumber":12},{"Box":[188.13,666.201,19.7618,11.3837],"Polygon":[666.201,188.13,685.9628,188.13,685.9628,199.5137,666.201,199.5137],"IndexInText":775,"OcrConfidence":1.0,"Text":"Code","VisualLineNumber":12},{"Box":[187.752,692.064,14.8214,11.8157],"Polygon":[692.064,187.752,706.8854,187.752,706.8854,199.5677,692.064,199.5677],"IndexInText":780,"OcrConfidence":1.0,"Text":"LU2","VisualLineNumber":12},{"Box":[187.752,711.8258,14.8214,11.8157],"Polygon":[711.8258,187.752,726.6472,187.752,726.6472,199.5677,711.8258,199.5677],"IndexInText":784,"OcrConfidence":1.0,"Text":"9PF","VisualLineNumber":12},{"Box":[198.642,31.608,34.5832,11.3837],"Polygon":[31.608,198.642,66.1912,198.642,66.1912,210.0257,31.608,210.0257],"IndexInText":788,"OcrConfidence":1.0,"Text":"Company","VisualLineNumber":13},{"Box":[198.642,71.1316,59.2855,11.3837],"Polygon":[71.1316,198.642,130.4171,198.642,130.4171,210.0257,71.1316,210.0257],"IndexInText":796,"OcrConfidence":1.0,"Text":"Registration","VisualLineNumber":13},{"Box":[198.642,135.3575,4.9405,11.3837],"Polygon":[135.3575,198.642,140.298,198.642,140.298,210.0257,135.3575,210.0257],"IndexInText":809,"OcrConfidence":1.0,"Text":"#","VisualLineNumber":13},{"Box":[198.264,146.448,39.5237,11.8157],"Polygon":[146.448,198.264,185.9717,198.264,185.9717,210.0797,146.448,210.0797],"IndexInText":811,"OcrConfidence":1.0,"Text":"SC096624","VisualLineNumber":13},{"Box":[199.65,360.072,54.345,11.3837],"Polygon":[360.072,199.65,414.417,199.65,414.417,211.0337,360.072,211.0337],"IndexInText":820,"OcrConfidence":1.0,"Text":"Attachments","VisualLineNumber":13},{"Box":[199.272,420.48,9.881,11.8157],"Polygon":[420.48,199.272,430.361,199.272,430.361,211.0877,420.48,211.0877],"IndexInText":832,"OcrConfidence":1.0,"Text":"No","VisualLineNumber":13},{"Box":[198.642,651.456,34.5832,11.3837],"Polygon":[651.456,198.642,686.0392,198.642,686.0392,210.0257,651.456,210.0257],"IndexInText":835,"OcrConfidence":1.0,"Text":"Country","VisualLineNumber":13},{"Box":[198.264,692.064,29.6428,11.8157],"Polygon":[692.064,198.264,721.7068,198.264,721.7068,210.0797,692.064,210.0797],"IndexInText":843,"OcrConfidence":1.0,"Text":"UNITED","VisualLineNumber":13},{"Box":[198.264,726.6472,34.5832,11.8157],"Polygon":[726.6472,198.264,761.2304,198.264,761.2304,210.0797,726.6472,210.0797],"IndexInText":850,"OcrConfidence":1.0,"Text":"KINGDOM","VisualLineNumber":13},{"Box":[210.162,330.408,19.7619,11.3837],"Polygon":[330.408,210.162,350.1699,210.162,350.1699,221.5457,330.408,221.5457],"IndexInText":858,"OcrConfidence":1.0,"Text":"Line","VisualLineNumber":14},{"Box":[210.162,355.1103,19.7618,11.3837],"Polygon":[355.1103,210.162,374.8721,210.162,374.8721,221.5457,355.1103,221.5457],"IndexInText":863,"OcrConfidence":1.0,"Text":"Item","VisualLineNumber":14},{"Box":[210.162,379.8125,34.5832,11.3837],"Polygon":[379.8125,210.162,414.3957,210.162,414.3957,221.5457,379.8125,221.5457],"IndexInText":868,"OcrConfidence":1.0,"Text":"Details","VisualLineNumber":14},{"Box":[209.784,420.48,14.8214,11.8157],"Polygon":[420.48,209.784,435.3014,209.784,435.3014,221.5997,420.48,221.5997],"IndexInText":876,"OcrConfidence":1.0,"Text":"Yes","VisualLineNumber":14},{"Box":[209.154,577.224,34.5832,11.3837],"Polygon":[577.224,209.154,611.8072,209.154,611.8072,220.5377,577.224,220.5377],"IndexInText":880,"OcrConfidence":1.0,"Text":"Tax/VAT","VisualLineNumber":14},{"Box":[209.154,616.7476,59.2855,11.3837],"Polygon":[616.7476,209.154,676.0331,209.154,676.0331,220.5377,616.7476,220.5377],"IndexInText":888,"OcrConfidence":1.0,"Text":"Registration","VisualLineNumber":14},{"Box":[209.154,680.9735,4.9405,11.3837],"Polygon":[680.9735,209.154,685.914,209.154,685.914,220.5377,680.9735,220.5377],"IndexInText":901,"OcrConfidence":1.0,"Text":"#","VisualLineNumber":14},{"Box":[208.776,692.064,54.345,11.8157],"Polygon":[692.064,208.776,746.409,208.776,746.409,220.5917,692.064,220.5917],"IndexInText":903,"OcrConfidence":1.0,"Text":"GB745360825","VisualLineNumber":14},{"Box":[219.666,577.224,34.5832,11.3837],"Polygon":[577.224,219.666,611.8072,219.666,611.8072,231.0497,577.224,231.0497],"IndexInText":915,"OcrConfidence":1.0,"Text":"Company","VisualLineNumber":15},{"Box":[219.666,616.7476,59.2855,11.3837],"Polygon":[616.7476,219.666,676.0331,219.666,676.0331,231.0497,616.7476,231.0497],"IndexInText":923,"OcrConfidence":1.0,"Text":"Registration","VisualLineNumber":15},{"Box":[219.666,680.9735,4.9405,11.3837],"Polygon":[680.9735,219.666,685.914,219.666,685.914,231.0497,680.9735,231.0497],"IndexInText":936,"OcrConfidence":1.0,"Text":"#","VisualLineNumber":15},{"Box":[230.178,15.264,19.7619,11.3837],"Polygon":[15.264,230.178,35.0259,230.178,35.0259,241.5617,15.264,241.5617],"IndexInText":938,"OcrConfidence":1.0,"Text":"Line","VisualLineNumber":16},{"Box":[230.178,58.392,19.7619,11.3837],"Polygon":[58.392,230.178,78.1539,230.178,78.1539,241.5617,58.392,241.5617],"IndexInText":943,"OcrConfidence":1.0,"Text":"Date","VisualLineNumber":16},{"Box":[230.178,83.0943,9.8809,11.3837],"Polygon":[83.0943,230.178,92.9752,230.178,92.9752,241.5617,83.0943,241.5617],"IndexInText":948,"OcrConfidence":1.0,"Text":"of","VisualLineNumber":16},{"Box":[230.178,113.544,29.6428,11.3837],"Polygon":[113.544,230.178,143.1868,230.178,143.1868,241.5617,113.544,241.5617],"IndexInText":951,"OcrConfidence":1.0,"Text":"Charge","VisualLineNumber":16},{"Box":[230.178,149.472,19.7619,11.3837],"Polygon":[149.472,230.178,169.2339,230.178,169.2339,241.5617,149.472,241.5617],"IndexInText":958,"OcrConfidence":1.0,"Text":"Loc.","VisualLineNumber":16},{"Box":[230.178,463.608,19.7619,11.3837],"Polygon":[463.608,230.178,483.3699,230.178,483.3699,241.5617,463.608,241.5617],"IndexInText":963,"OcrConfidence":1.0,"Text":"Unit","VisualLineNumber":16},{"Box":[230.178,540.504,19.7619,11.3837],"Polygon":[540.504,230.178,560.2659,230.178,560.2659,241.5617,540.504,241.5617],"IndexInText":968,"OcrConfidence":1.0,"Text":"Base","VisualLineNumber":16},{"Box":[230.178,596.952,49.4046,11.3837],"Polygon":[596.952,230.178,646.3566,230.178,646.3566,241.5617,596.952,241.5617],"IndexInText":973,"OcrConfidence":1.0,"Text":"Additional","VisualLineNumber":16},{"Box":[230.178,781.128,19.7619,11.3837],"Polygon":[781.128,230.178,800.8899,230.178,800.8899,241.5617,781.128,241.5617],"IndexInText":984,"OcrConfidence":1.0,"Text":"Line","VisualLineNumber":16},{"Box":[240.69,25.2,4.9405,11.3837],"Polygon":[25.2,240.69,30.1405,240.69,30.1405,252.0737,25.2,252.0737],"IndexInText":989,"OcrConfidence":1.0,"Text":"#","VisualLineNumber":17},{"Box":[240.69,60.912,34.5832,11.3837],"Polygon":[60.912,240.69,95.4952,240.69,95.4952,252.0737,60.912,252.0737],"IndexInText":991,"OcrConfidence":1.0,"Text":"Service","VisualLineNumber":17},{"Box":[240.69,120.96,19.7619,11.3837],"Polygon":[120.96,240.69,140.7219,240.69,140.7219,252.0737,120.96,252.0737],"IndexInText":999,"OcrConfidence":1.0,"Text":"Code","VisualLineNumber":17},{"Box":[240.69,151.992,19.7619,11.3837],"Polygon":[151.992,240.69,171.7539,240.69,171.7539,252.0737,151.992,252.0737],"IndexInText":1004,"OcrConfidence":1.0,"Text":"Code","VisualLineNumber":17},{"Box":[240.69,176.832,34.5832,11.3837],"Polygon":[176.832,240.69,211.4152,240.69,211.4152,252.0737,176.832,252.0737],"IndexInText":1009,"OcrConfidence":1.0,"Text":"Product","VisualLineNumber":17},{"Box":[240.69,216.3556,9.881,11.3837],"Polygon":[216.3556,240.69,226.2366,240.69,226.2366,252.0737,216.3556,252.0737],"IndexInText":1017,"OcrConfidence":1.0,"Text":"Id","VisualLineNumber":17},{"Box":[240.69,268.92,54.345,11.3837],"Polygon":[268.92,240.69,323.265,240.69,323.265,252.0737,268.92,252.0737],"IndexInText":1020,"OcrConfidence":1.0,"Text":"Description","VisualLineNumber":17},{"Box":[240.69,367.2,39.5237,11.3837],"Polygon":[367.2,240.69,406.7237,240.69,406.7237,252.0737,367.2,252.0737],"IndexInText":1032,"OcrConfidence":1.0,"Text":"Quantity","VisualLineNumber":17},{"Box":[240.69,414.576,14.8214,11.3837],"Polygon":[414.576,240.69,429.3974,240.69,429.3974,252.0737,414.576,252.0737],"IndexInText":1041,"OcrConfidence":1.0,"Text":"UOM","VisualLineNumber":17},{"Box":[240.69,461.088,24.7023,11.3837],"Polygon":[461.088,240.69,485.7903,240.69,485.7903,252.0737,461.088,252.0737],"IndexInText":1045,"OcrConfidence":1.0,"Text":"Price","VisualLineNumber":17},{"Box":[240.69,535.536,29.6428,11.3837],"Polygon":[535.536,240.69,565.1788,240.69,565.1788,252.0737,535.536,252.0737],"IndexInText":1051,"OcrConfidence":1.0,"Text":"Amount","VisualLineNumber":17},{"Box":[240.69,609.336,29.6428,11.3837],"Polygon":[609.336,240.69,638.9788,240.69,638.9788,252.0737,609.336,252.0737],"IndexInText":1058,"OcrConfidence":1.0,"Text":"Amount","VisualLineNumber":17},{"Box":[240.69,674.928,14.8214,11.3837],"Polygon":[674.928,240.69,689.7494,240.69,689.7494,252.0737,674.928,252.0737],"IndexInText":1065,"OcrConfidence":1.0,"Text":"Tax","VisualLineNumber":17},{"Box":[240.69,722.664,14.8214,11.3837],"Polygon":[722.664,240.69,737.4854,240.69,737.4854,252.0737,722.664,252.0737],"IndexInText":1069,"OcrConfidence":1.0,"Text":"VAT","VisualLineNumber":17},{"Box":[240.69,776.16,29.6428,11.3837],"Polygon":[776.16,240.69,805.8028,240.69,805.8028,252.0737,776.16,252.0737],"IndexInText":1073,"OcrConfidence":1.0,"Text":"Amount","VisualLineNumber":17},{"Box":[252.84,115.992,29.6428,11.8157],"Polygon":[115.992,252.84,145.6348,252.84,145.6348,264.6557,115.992,264.6557],"IndexInText":1080,"OcrConfidence":1.0,"Text":"Passen","VisualLineNumber":18},{"Box":[263.352,43.56,49.4046,11.8157],"Polygon":[43.56,263.352,92.9646,263.352,92.9646,275.1677,43.56,275.1677],"IndexInText":1087,"OcrConfidence":1.0,"Text":"2022-08-11","VisualLineNumber":19},{"Box":[263.352,97.905,9.8809,11.8157],"Polygon":[97.905,263.352,107.7859,263.352,107.7859,275.1677,97.905,275.1677],"IndexInText":1098,"OcrConfidence":1.0,"Text":"to","VisualLineNumber":19},{"Box":[263.352,120.96,14.8214,11.8157],"Polygon":[120.96,263.352,135.7814,263.352,135.7814,275.1677,120.96,275.1677],"IndexInText":1101,"OcrConfidence":1.0,"Text":"ger","VisualLineNumber":19},{"Box":[268.608,23.184,4.9405,11.8157],"Polygon":[23.184,268.608,28.1245,268.608,28.1245,280.4237,23.184,280.4237],"IndexInText":1105,"OcrConfidence":1.0,"Text":"1","VisualLineNumber":20},{"Box":[268.608,191.664,19.7619,11.8157],"Polygon":[191.664,268.608,211.4259,268.608,211.4259,280.4237,191.664,280.4237],"IndexInText":1107,"OcrConfidence":1.0,"Text":"M411","VisualLineNumber":20},{"Box":[268.608,228.312,39.5237,11.8157],"Polygon":[228.312,268.608,267.8357,268.608,267.8357,280.4237,228.312,280.4237],"IndexInText":1112,"OcrConfidence":1.0,"Text":"AIRCRAFT","VisualLineNumber":20},{"Box":[268.608,272.7761,34.5832,11.8157],"Polygon":[272.7761,268.608,307.3593,268.608,307.3593,280.4237,272.7761,280.4237],"IndexInText":1121,"OcrConfidence":1.0,"Text":"CHARGES","VisualLineNumber":20},{"Box":[268.608,384.048,4.9405,11.8157],"Polygon":[384.048,268.608,388.9885,268.608,388.9885,280.4237,384.048,280.4237],"IndexInText":1129,"OcrConfidence":1.0,"Text":"1","VisualLineNumber":20},{"Box":[268.608,417.096,9.881,11.8157],"Polygon":[417.096,268.608,426.977,268.608,426.977,280.4237,417.096,280.4237],"IndexInText":1131,"OcrConfidence":1.0,"Text":"EA","VisualLineNumber":20},{"Box":[268.608,460.584,49.4046,11.8157],"Polygon":[460.584,268.608,509.9886,268.608,509.9886,280.4237,460.584,280.4237],"IndexInText":1134,"OcrConfidence":1.0,"Text":"138,367.20","VisualLineNumber":20},{"Box":[268.608,537.264,49.4046,11.8157],"Polygon":[537.264,268.608,586.6686,268.608,586.6686,280.4237,537.264,280.4237],"IndexInText":1145,"OcrConfidence":1.0,"Text":"138,367.20","VisualLineNumber":20},{"Box":[268.608,637.848,19.7619,11.8157],"Polygon":[637.848,268.608,657.6099,268.608,657.6099,280.4237,637.848,280.4237],"IndexInText":1156,"OcrConfidence":1.0,"Text":"0.00","VisualLineNumber":20},{"Box":[268.608,683.352,19.7619,11.8157],"Polygon":[683.352,268.608,703.1139,268.608,703.1139,280.4237,683.352,280.4237],"IndexInText":1161,"OcrConfidence":1.0,"Text":"0.00","VisualLineNumber":20},{"Box":[268.608,733.32,19.7619,11.8157],"Polygon":[733.32,268.608,753.0819,268.608,753.0819,280.4237,733.32,280.4237],"IndexInText":1166,"OcrConfidence":1.0,"Text":"0.00","VisualLineNumber":20},{"Box":[268.608,775.44,49.4046,11.8157],"Polygon":[775.44,268.608,824.8446,268.608,824.8446,280.4237,775.44,280.4237],"IndexInText":1171,"OcrConfidence":1.0,"Text":"138,367.20","VisualLineNumber":20},{"Box":[273.864,53.496,49.4046,11.8157],"Polygon":[53.496,273.864,102.9006,273.864,102.9006,285.6797,53.496,285.6797],"IndexInText":1182,"OcrConfidence":1.0,"Text":"2022-08-17","VisualLineNumber":20},{"Box":[273.864,115.992,29.6428,11.8157],"Polygon":[115.992,273.864,145.6348,273.864,145.6348,285.6797,115.992,285.6797],"IndexInText":1193,"OcrConfidence":1.0,"Text":"Servic","VisualLineNumber":20},{"Box":[284.376,123.408,9.881,11.8157],"Polygon":[123.408,284.376,133.289,284.376,133.289,296.1917,123.408,296.1917],"IndexInText":1200,"OcrConfidence":1.0,"Text":"es","VisualLineNumber":21},{"Box":[294.888,113.544,29.6428,11.8157],"Polygon":[113.544,294.888,143.1868,294.888,143.1868,306.7037,113.544,306.7037],"IndexInText":1203,"OcrConfidence":1.0,"Text":"Runway","VisualLineNumber":22},{"Box":[300.144,43.56,49.4046,11.8157],"Polygon":[43.56,300.144,92.9646,300.144,92.9646,311.9597,43.56,311.9597],"IndexInText":1210,"OcrConfidence":1.0,"Text":"2022-08-11","VisualLineNumber":23},{"Box":[300.144,97.905,9.8809,11.8157],"Polygon":[97.905,300.144,107.7859,300.144,107.7859,311.9597,97.905,311.9597],"IndexInText":1221,"OcrConfidence":1.0,"Text":"to","VisualLineNumber":23},{"Box":[305.4,23.184,4.9405,11.8157],"Polygon":[23.184,305.4,28.1245,305.4,28.1245,317.2157,23.184,317.2157],"IndexInText":1224,"OcrConfidence":1.0,"Text":"2","VisualLineNumber":24},{"Box":[305.4,115.992,29.6428,11.8157],"Polygon":[115.992,305.4,145.6348,305.4,145.6348,317.2157,115.992,317.2157],"IndexInText":1226,"OcrConfidence":1.0,"Text":"Charge","VisualLineNumber":24},{"Box":[305.4,191.664,19.7619,11.8157],"Polygon":[191.664,305.4,211.4259,305.4,211.4259,317.2157,191.664,317.2157],"IndexInText":1233,"OcrConfidence":1.0,"Text":"M170","VisualLineNumber":24},{"Box":[305.4,228.312,39.5237,11.8157],"Polygon":[228.312,305.4,267.8357,305.4,267.8357,317.2157,228.312,317.2157],"IndexInText":1238,"OcrConfidence":1.0,"Text":"AIRCRAFT","VisualLineNumber":24},{"Box":[305.4,272.7761,34.5832,11.8157],"Polygon":[272.7761,305.4,307.3593,305.4,307.3593,317.2157,272.7761,317.2157],"IndexInText":1247,"OcrConfidence":1.0,"Text":"CHARGES","VisualLineNumber":24},{"Box":[305.4,384.048,4.9405,11.8157],"Polygon":[384.048,305.4,388.9885,305.4,388.9885,317.2157,384.048,317.2157],"IndexInText":1255,"OcrConfidence":1.0,"Text":"1","VisualLineNumber":24},{"Box":[305.4,417.096,9.881,11.8157],"Polygon":[417.096,305.4,426.977,305.4,426.977,317.2157,417.096,317.2157],"IndexInText":1257,"OcrConfidence":1.0,"Text":"EA","VisualLineNumber":24},{"Box":[305.4,480.384,29.6428,11.8157],"Polygon":[480.384,305.4,510.0268,305.4,510.0268,317.2157,480.384,317.2157],"IndexInText":1260,"OcrConfidence":1.0,"Text":"454.36","VisualLineNumber":24},{"Box":[305.4,557.064,29.6428,11.8157],"Polygon":[557.064,305.4,586.7068,305.4,586.7068,317.2157,557.064,317.2157],"IndexInText":1267,"OcrConfidence":1.0,"Text":"454.36","VisualLineNumber":24},{"Box":[305.4,637.848,19.7619,11.8157],"Polygon":[637.848,305.4,657.6099,305.4,657.6099,317.2157,637.848,317.2157],"IndexInText":1274,"OcrConfidence":1.0,"Text":"0.00","VisualLineNumber":24},{"Box":[305.4,683.352,19.7619,11.8157],"Polygon":[683.352,305.4,703.1139,305.4,703.1139,317.2157,683.352,317.2157],"IndexInText":1279,"OcrConfidence":1.0,"Text":"0.00","VisualLineNumber":24},{"Box":[305.4,733.32,19.7619,11.8157],"Polygon":[733.32,305.4,753.0819,305.4,753.0819,317.2157,733.32,317.2157],"IndexInText":1284,"OcrConfidence":1.0,"Text":"0.00","VisualLineNumber":24},{"Box":[305.4,795.24,29.6428,11.8157],"Polygon":[795.24,305.4,824.8828,305.4,824.8828,317.2157,795.24,317.2157],"IndexInText":1289,"OcrConfidence":1.0,"Text":"454.36","VisualLineNumber":24},{"Box":[310.656,53.496,49.4046,11.8157],"Polygon":[53.496,310.656,102.9006,310.656,102.9006,322.4717,53.496,322.4717],"IndexInText":1296,"OcrConfidence":1.0,"Text":"2022-08-17","VisualLineNumber":24},{"Box":[315.912,125.928,4.9405,11.8157],"Polygon":[125.928,315.912,130.8685,315.912,130.8685,327.7277,125.928,327.7277],"IndexInText":1307,"OcrConfidence":1.0,"Text":"s","VisualLineNumber":25}]},{"IndexInText":1309,"Length":359,"Type":"TableRowEnd","Words":[{"Box":[328.458,416.16,19.7619,11.3837],"Polygon":[416.16,328.458,435.9219,328.458,435.9219,339.8417,416.16,339.8417],"IndexInText":1309,"OcrConfidence":1.0,"Text":"Line","VisualLineNumber":26},{"Box":[328.458,440.8623,19.7618,11.3837],"Polygon":[440.8623,328.458,460.6241,328.458,460.6241,339.8417,440.8623,339.8417],"IndexInText":1314,"OcrConfidence":1.0,"Text":"Item","VisualLineNumber":26},{"Box":[328.458,465.5645,14.8214,11.3837],"Polygon":[465.5645,328.458,480.3859,328.458,480.3859,339.8417,465.5645,339.8417],"IndexInText":1319,"OcrConfidence":1.0,"Text":"Sub","VisualLineNumber":26},{"Box":[328.458,485.3263,24.7023,11.3837],"Polygon":[485.3263,328.458,510.0286,328.458,510.0286,339.8417,485.3263,339.8417],"IndexInText":1323,"OcrConfidence":1.0,"Text":"Total","VisualLineNumber":26},{"Box":[328.458,532.008,49.4046,11.3837],"Polygon":[532.008,328.458,581.4126,328.458,581.4126,339.8417,532.008,339.8417],"IndexInText":1329,"OcrConfidence":1.0,"Text":"138,821.56","VisualLineNumber":26},{"Box":[328.458,638.64,19.7619,11.3837],"Polygon":[638.64,328.458,658.4019,328.458,658.4019,339.8417,638.64,339.8417],"IndexInText":1340,"OcrConfidence":1.0,"Text":"0.00","VisualLineNumber":26},{"Box":[328.458,684.432,19.7619,11.3837],"Polygon":[684.432,328.458,704.1939,328.458,704.1939,339.8417,684.432,339.8417],"IndexInText":1345,"OcrConfidence":1.0,"Text":"0.00","VisualLineNumber":26},{"Box":[328.458,734.688,19.7619,11.3837],"Polygon":[734.688,328.458,754.4499,328.458,754.4499,339.8417,734.688,339.8417],"IndexInText":1350,"OcrConfidence":1.0,"Text":"0.00","VisualLineNumber":26},{"Box":[343.938,391.464,34.5832,11.3837],"Polygon":[391.464,343.938,426.0472,343.938,426.0472,355.3217,391.464,355.3217],"IndexInText":1355,"OcrConfidence":1.0,"Text":"Invoice","VisualLineNumber":27},{"Box":[343.938,430.9876,29.6428,11.3837],"Polygon":[430.9876,343.938,460.6304,343.938,460.6304,355.3217,430.9876,355.3217],"IndexInText":1363,"OcrConfidence":1.0,"Text":"Header","VisualLineNumber":27},{"Box":[343.938,465.5708,14.8214,11.3837],"Polygon":[465.5708,343.938,480.3922,343.938,480.3922,355.3217,465.5708,355.3217],"IndexInText":1370,"OcrConfidence":1.0,"Text":"Sub","VisualLineNumber":27},{"Box":[343.938,485.3326,24.7023,11.3837],"Polygon":[485.3326,343.938,510.0349,343.938,510.0349,355.3217,485.3326,355.3217],"IndexInText":1374,"OcrConfidence":1.0,"Text":"Total","VisualLineNumber":27},{"Box":[343.938,638.64,19.7619,11.3837],"Polygon":[638.64,343.938,658.4019,343.938,658.4019,355.3217,638.64,355.3217],"IndexInText":1380,"OcrConfidence":1.0,"Text":"0.00","VisualLineNumber":27},{"Box":[343.938,684.432,19.7619,11.3837],"Polygon":[684.432,343.938,704.1939,343.938,704.1939,355.3217,684.432,355.3217],"IndexInText":1385,"OcrConfidence":1.0,"Text":"0.00","VisualLineNumber":27},{"Box":[343.938,734.688,19.7619,11.3837],"Polygon":[734.688,343.938,754.4499,343.938,754.4499,355.3217,734.688,355.3217],"IndexInText":1390,"OcrConfidence":1.0,"Text":"0.00","VisualLineNumber":27},{"Box":[360.93,386.496,24.7023,11.3837],"Polygon":[386.496,360.93,411.1983,360.93,411.1983,372.3137,386.496,372.3137],"IndexInText":1395,"OcrConfidence":1.0,"Text":"Total","VisualLineNumber":28},{"Box":[360.93,416.1387,34.5832,11.3837],"Polygon":[416.1387,360.93,450.7219,360.93,450.7219,372.3137,416.1387,372.3137],"IndexInText":1401,"OcrConfidence":1.0,"Text":"Invoice","VisualLineNumber":28},{"Box":[360.93,455.6623,19.7619,11.3837],"Polygon":[455.6623,360.93,475.4242,360.93,475.4242,372.3137,455.6623,372.3137],"IndexInText":1409,"OcrConfidence":1.0,"Text":"Base","VisualLineNumber":28},{"Box":[360.93,480.3646,29.6427,11.3837],"Polygon":[480.3646,360.93,510.0073,360.93,510.0073,372.3137,480.3646,372.3137],"IndexInText":1414,"OcrConfidence":1.0,"Text":"Amount","VisualLineNumber":28},{"Box":[360.93,776.304,49.4046,11.3837],"Polygon":[776.304,360.93,825.7086,360.93,825.7086,372.3137,776.304,372.3137],"IndexInText":1421,"OcrConfidence":1.0,"Text":"138,821.56","VisualLineNumber":28},{"Box":[377.922,356.832,24.7023,11.3837],"Polygon":[356.832,377.922,381.5343,377.922,381.5343,389.3057,356.832,389.3057],"IndexInText":1432,"OcrConfidence":1.0,"Text":"Total","VisualLineNumber":29},{"Box":[377.922,386.4747,34.5832,11.3837],"Polygon":[386.4747,377.922,421.0579,377.922,421.0579,389.3057,386.4747,389.3057],"IndexInText":1438,"OcrConfidence":1.0,"Text":"Invoice","VisualLineNumber":29},{"Box":[377.922,425.9983,49.4046,11.3837],"Polygon":[425.9983,377.922,475.4029,377.922,475.4029,389.3057,425.9983,389.3057],"IndexInText":1446,"OcrConfidence":1.0,"Text":"Additional","VisualLineNumber":29},{"Box":[377.922,480.3433,29.6427,11.3837],"Polygon":[480.3433,377.922,509.986,377.922,509.986,389.3057,480.3433,389.3057],"IndexInText":1457,"OcrConfidence":1.0,"Text":"Amount","VisualLineNumber":29},{"Box":[377.922,805.968,19.7619,11.3837],"Polygon":[805.968,377.922,825.7299,377.922,825.7299,389.3057,805.968,389.3057],"IndexInText":1464,"OcrConfidence":1.0,"Text":"0.00","VisualLineNumber":29},{"Box":[394.914,391.464,24.7023,11.3837],"Polygon":[391.464,394.914,416.1663,394.914,416.1663,406.2977,391.464,406.2977],"IndexInText":1469,"OcrConfidence":1.0,"Text":"Total","VisualLineNumber":30},{"Box":[394.914,421.1067,34.5832,11.3837],"Polygon":[421.1067,394.914,455.6899,394.914,455.6899,406.2977,421.1067,406.2977],"IndexInText":1475,"OcrConfidence":1.0,"Text":"Invoice","VisualLineNumber":30},{"Box":[394.914,460.6303,14.8214,11.3837],"Polygon":[460.6303,394.914,475.4517,394.914,475.4517,406.2977,460.6303,406.2977],"IndexInText":1483,"OcrConfidence":1.0,"Text":"Tax","VisualLineNumber":30},{"Box":[394.914,480.3921,29.6428,11.3837],"Polygon":[480.3921,394.914,510.0349,394.914,510.0349,406.2977,480.3921,406.2977],"IndexInText":1487,"OcrConfidence":1.0,"Text":"Amount","VisualLineNumber":30},{"Box":[394.914,805.968,19.7619,11.3837],"Polygon":[805.968,394.914,825.7299,394.914,825.7299,406.2977,805.968,406.2977],"IndexInText":1494,"OcrConfidence":1.0,"Text":"0.00","VisualLineNumber":30},{"Box":[411.978,391.464,24.7023,11.3837],"Polygon":[391.464,411.978,416.1663,411.978,416.1663,423.3617,391.464,423.3617],"IndexInText":1499,"OcrConfidence":1.0,"Text":"Total","VisualLineNumber":31},{"Box":[411.978,421.1067,34.5832,11.3837],"Polygon":[421.1067,411.978,455.6899,411.978,455.6899,423.3617,421.1067,423.3617],"IndexInText":1505,"OcrConfidence":1.0,"Text":"Invoice","VisualLineNumber":31},{"Box":[411.978,460.6303,14.8214,11.3837],"Polygon":[460.6303,411.978,475.4517,411.978,475.4517,423.3617,460.6303,423.3617],"IndexInText":1513,"OcrConfidence":1.0,"Text":"VAT","VisualLineNumber":31},{"Box":[411.978,480.3921,29.6428,11.3837],"Polygon":[480.3921,411.978,510.0349,411.978,510.0349,423.3617,480.3921,423.3617],"IndexInText":1517,"OcrConfidence":1.0,"Text":"Amount","VisualLineNumber":31},{"Box":[411.978,805.968,19.7619,11.3837],"Polygon":[805.968,411.978,825.7299,411.978,825.7299,423.3617,805.968,423.3617],"IndexInText":1524,"OcrConfidence":1.0,"Text":"0.00","VisualLineNumber":31},{"Box":[432.498,351.864,24.7023,11.3837],"Polygon":[351.864,432.498,376.5663,432.498,376.5663,443.8817,351.864,443.8817],"IndexInText":1529,"OcrConfidence":1.0,"Text":"Total","VisualLineNumber":32},{"Box":[432.498,381.5067,14.8214,11.3837],"Polygon":[381.5067,432.498,396.3281,432.498,396.3281,443.8817,381.5067,443.8817],"IndexInText":1535,"OcrConfidence":1.0,"Text":"Due","VisualLineNumber":32},{"Box":[432.498,401.2685,9.881,11.3837],"Polygon":[401.2685,432.498,411.1495,432.498,411.1495,443.8817,401.2685,443.8817],"IndexInText":1539,"OcrConfidence":1.0,"Text":"in","VisualLineNumber":32},{"Box":[432.498,416.0899,39.5236,11.3837],"Polygon":[416.0899,432.498,455.6135,432.498,455.6135,443.8817,416.0899,443.8817],"IndexInText":1542,"OcrConfidence":1.0,"Text":"Currency","VisualLineNumber":32},{"Box":[432.498,460.5539,9.881,11.3837],"Polygon":[460.5539,432.498,470.4349,432.498,470.4349,443.8817,460.5539,443.8817],"IndexInText":1551,"OcrConfidence":1.0,"Text":"of","VisualLineNumber":32},{"Box":[432.498,475.3753,34.5832,11.3837],"Polygon":[475.3753,432.498,509.9585,432.498,509.9585,443.8817,475.3753,443.8817],"IndexInText":1554,"OcrConfidence":1.0,"Text":"Billing","VisualLineNumber":32},{"Box":[432.498,689.4,14.8214,11.3837],"Polygon":[689.4,432.498,704.2214,432.498,704.2214,443.8817,689.4,443.8817],"IndexInText":1562,"OcrConfidence":1.0,"Text":"GBP","VisualLineNumber":32},{"Box":[432.498,776.304,49.4046,11.3837],"Polygon":[776.304,432.498,825.7086,432.498,825.7086,443.8817,776.304,443.8817],"IndexInText":1566,"OcrConfidence":1.0,"Text":"138,821.56","VisualLineNumber":32},{"Box":[450.714,77.832,14.8214,11.3837],"Polygon":[77.832,450.714,92.6534,450.714,92.6534,462.0977,77.832,462.0977],"IndexInText":1577,"OcrConfidence":1.0,"Text":"VAT","VisualLineNumber":33},{"Box":[450.714,97.5938,44.4641,11.3837],"Polygon":[97.5938,450.714,142.0579,450.714,142.0579,462.0977,97.5938,462.0977],"IndexInText":1581,"OcrConfidence":1.0,"Text":"Breakdown","VisualLineNumber":33},{"Box":[450.714,213.192,24.7023,11.3837],"Polygon":[213.192,450.714,237.8943,450.714,237.8943,462.0977,213.192,462.0977],"IndexInText":1591,"OcrConfidence":1.0,"Text":"Label","VisualLineNumber":33},{"Box":[450.714,328.32,14.8214,11.3837],"Polygon":[328.32,450.714,343.1414,450.714,343.1414,462.0977,328.32,462.0977],"IndexInText":1597,"OcrConfidence":1.0,"Text":"VAT","VisualLineNumber":33},{"Box":[450.714,348.0818,19.7619,11.3837],"Polygon":[348.0818,450.714,367.8437,450.714,367.8437,462.0977,348.0818,462.0977],"IndexInText":1601,"OcrConfidence":1.0,"Text":"Text","VisualLineNumber":33},{"Box":[450.714,587.52,19.7619,11.3837],"Polygon":[587.52,450.714,607.2819,450.714,607.2819,462.0977,587.52,462.0977],"IndexInText":1606,"OcrConfidence":1.0,"Text":"Base","VisualLineNumber":33},{"Box":[450.714,612.2223,29.6427,11.3837],"Polygon":[612.2223,450.714,641.865,450.714,641.865,462.0977,612.2223,462.0977],"IndexInText":1611,"OcrConfidence":1.0,"Text":"Amount","VisualLineNumber":33},{"Box":[450.714,680.04,14.8214,11.3837],"Polygon":[680.04,450.714,694.8614,450.714,694.8614,462.0977,680.04,462.0977],"IndexInText":1618,"OcrConfidence":1.0,"Text":"VAT","VisualLineNumber":33},{"Box":[450.714,699.8018,19.7619,11.3837],"Polygon":[699.8018,450.714,719.5637,450.714,719.5637,462.0977,699.8018,462.0977],"IndexInText":1622,"OcrConfidence":1.0,"Text":"Rate","VisualLineNumber":33},{"Box":[450.714,753.912,14.8214,11.3837],"Polygon":[753.912,450.714,768.7334,450.714,768.7334,462.0977,753.912,462.0977],"IndexInText":1627,"OcrConfidence":1.0,"Text":"VAT","VisualLineNumber":33},{"Box":[450.714,773.6738,29.6428,11.3837],"Polygon":[773.6738,450.714,803.3166,450.714,803.3166,462.0977,773.6738,462.0977],"IndexInText":1631,"OcrConfidence":1.0,"Text":"Amount","VisualLineNumber":33},{"Box":[466.104,213.192,14.8214,11.8157],"Polygon":[213.192,466.104,228.0134,466.104,228.0134,477.9197,213.192,477.9197],"IndexInText":1638,"OcrConfidence":1.0,"Text":"VAT","VisualLineNumber":34},{"Box":[466.104,232.9538,19.7619,11.8157],"Polygon":[232.9538,466.104,252.7157,466.104,252.7157,477.9197,232.9538,477.9197],"IndexInText":1642,"OcrConfidence":1.0,"Text":"Zero","VisualLineNumber":34},{"Box":[466.104,328.32,24.7023,11.8157],"Polygon":[328.32,466.104,353.0223,466.104,353.0223,477.9197,328.32,477.9197],"IndexInText":1647,"OcrConfidence":1.0,"Text":"0.00%","VisualLineNumber":34},{"Box":[466.104,637.92,19.7619,11.8157],"Polygon":[637.92,466.104,657.6819,466.104,657.6819,477.9197,637.92,477.9197],"IndexInText":1653,"OcrConfidence":1.0,"Text":"0.00","VisualLineNumber":34},{"Box":[466.104,687.456,24.7023,11.8157],"Polygon":[687.456,466.104,712.1583,466.104,712.1583,477.9197,687.456,477.9197],"IndexInText":1658,"OcrConfidence":1.0,"Text":"0.00%","VisualLineNumber":34},{"Box":[466.104,804.456,19.7619,11.8157],"Polygon":[804.456,466.104,824.2179,466.104,824.2179,477.9197,804.456,477.9197],"IndexInText":1664,"OcrConfidence":1.0,"Text":"0.00","VisualLineNumber":34}]}]},{"IndexInText":2380,"Language":"eng","Length":11,"Rotation":"None","SkewAngle":0.0,"Type":"Footer","WordGroups":[{"IndexInText":2380,"Length":11,"Type":"Other","Words":[{"Box":[544.547,7.272,13.176,7.59],"Polygon":[7.272,544.547,20.448,544.547,20.448,552.137,7.272,552.137],"IndexInText":2380,"OcrConfidence":1.0,"Text":"Page","VisualLineNumber":35},{"Box":[544.547,23.742,3.294,7.59],"Polygon":[23.742,544.547,27.036,544.547,27.036,552.137,23.742,552.137],"IndexInText":2385,"OcrConfidence":1.0,"Text":"1","VisualLineNumber":35},{"Box":[544.547,30.33,6.588,7.59],"Polygon":[30.33,544.547,36.918,544.547,36.918,552.137,30.33,552.137],"IndexInText":2387,"OcrConfidence":1.0,"Text":"Of","VisualLineNumber":35},{"Box":[544.547,40.212,3.294,7.59],"Polygon":[40.212,544.547,43.506,544.547,43.506,552.137,40.212,552.137],"IndexInText":2390,"OcrConfidence":1.0,"Text":"2","VisualLineNumber":35}]}]}],"ProcessingSource":"Pdf","IndexInText":0,"TextLength":2391,"SkewAngle":0.0},{"PageIndex":1,"Size":[0.0,0.0,841.0,595.0],"Sections":[{"IndexInText":2393,"Language":"ita","Length":7,"Rotation":"None","SkewAngle":0.0,"Type":"Header","WordGroups":[{"IndexInText":2393,"Length":7,"Type":"Other","Words":[{"Box":[7.825,387.288,61.4842,20.2387],"Polygon":[387.288,7.825,448.7722,7.825,448.7722,28.0637,387.288,28.0637],"IndexInText":2393,"OcrConfidence":1.0,"Text":"Invoice","VisualLineNumber":0}]}]},{"IndexInText":2402,"Language":"eng","Length":16,"Rotation":"None","SkewAngle":0.0,"Type":"Header","WordGroups":[{"IndexInText":2402,"Length":16,"Type":"Other","Words":[{"Box":[7.099,739.512,49.4051,13.1287],"Polygon":[739.512,7.099,788.9171,7.099,788.9171,20.2277,739.512,20.2277],"IndexInText":2402,"OcrConfidence":1.0,"Text":"Digitally","VisualLineNumber":0},{"Box":[7.099,794.4065,32.9368,13.1287],"Polygon":[794.4065,7.099,827.3433,7.099,827.3433,20.2277,794.4065,20.2277],"IndexInText":2412,"OcrConfidence":1.0,"Text":"Signed","VisualLineNumber":0}]}]},{"IndexInText":2420,"Language":"eng","Length":39,"Rotation":"None","SkewAngle":0.0,"Type":"Paragraph","WordGroups":[{"IndexInText":2420,"Length":39,"Type":"Heading","Words":[{"Box":[70.336,46.944,34.5832,11.3837],"Polygon":[46.944,70.336,81.5272,70.336,81.5272,81.7197,46.944,81.7197],"IndexInText":2420,"OcrConfidence":1.0,"Text":"Billing","VisualLineNumber":1},{"Box":[70.336,86.4676,29.6428,11.3837],"Polygon":[86.4676,70.336,116.1104,70.336,116.1104,81.7197,86.4676,81.7197],"IndexInText":2428,"OcrConfidence":1.0,"Text":"Entity","VisualLineNumber":1},{"Box":[70.336,121.0508,19.7618,11.3837],"Polygon":[121.0508,70.336,140.8126,70.336,140.8126,81.7197,121.0508,81.7197],"IndexInText":2435,"OcrConfidence":1.0,"Text":"Name","VisualLineNumber":1},{"Box":[70.102,145.008,34.5832,11.8157],"Polygon":[145.008,70.102,179.5912,70.102,179.5912,81.9177,145.008,81.9177],"IndexInText":2440,"OcrConfidence":1.0,"Text":"Glasgow","VisualLineNumber":1},{"Box":[70.102,184.5316,34.5832,11.8157],"Polygon":[184.5316,70.102,219.1148,70.102,219.1148,81.9177,184.5316,81.9177],"IndexInText":2448,"OcrConfidence":1.0,"Text":"Airport","VisualLineNumber":1},{"Box":[70.102,224.0552,14.8214,11.8157],"Polygon":[224.0552,70.102,238.8766,70.102,238.8766,81.9177,224.0552,81.9177],"IndexInText":2456,"OcrConfidence":1.0,"Text":"Ltd","VisualLineNumber":1}]}]},{"IndexInText":2461,"Language":"eng","Length":13,"Rotation":"None","SkewAngle":0.0,"Type":"Paragraph","WordGroups":[{"IndexInText":2461,"Length":13,"Type":"Heading","Words":[{"Box":[108.426,17.712,34.5832,11.3837],"Polygon":[17.712,108.426,52.2952,108.426,52.2952,119.8097,17.712,119.8097],"IndexInText":2461,"OcrConfidence":1.0,"Text":"Payment","VisualLineNumber":3},{"Box":[108.426,57.2356,24.7023,11.3837],"Polygon":[57.2356,108.426,81.9379,108.426,81.9379,119.8097,57.2356,119.8097],"IndexInText":2469,"OcrConfidence":1.0,"Text":"Terms","VisualLineNumber":3}]}]},{"IndexInText":2476,"Language":"ita","Length":18,"Rotation":"None","SkewAngle":0.0,"Type":"Paragraph","WordGroups":[{"IndexInText":2476,"Length":18,"Type":"Other","Words":[{"Box":[71.344,368.784,34.5832,11.3837],"Polygon":[368.784,71.344,403.3672,71.344,403.3672,82.7277,368.784,82.7277],"IndexInText":2476,"OcrConfidence":1.0,"Text":"Invoice","VisualLineNumber":1},{"Box":[71.344,408.3076,4.9405,11.3837],"Polygon":[408.3076,71.344,413.2481,71.344,413.2481,82.7277,408.3076,82.7277],"IndexInText":2484,"OcrConfidence":1.0,"Text":"#","VisualLineNumber":1},{"Box":[70.966,419.256,39.5237,11.8157],"Polygon":[419.256,70.966,458.7797,70.966,458.7797,82.7817,419.256,82.7817],"IndexInText":2486,"OcrConfidence":1.0,"Text":"81003972","VisualLineNumber":1}]}]},{"IndexInText":2496,"Language":"ron","Length":15,"Rotation":"None","SkewAngle":0.0,"Type":"Paragraph","WordGroups":[{"IndexInText":2496,"Length":15,"Type":"Other","Words":[{"Box":[82.792,393.552,19.7619,11.3837],"Polygon":[393.552,82.792,413.3139,82.792,413.3139,94.1757,393.552,94.1757],"IndexInText":2496,"OcrConfidence":1.0,"Text":"Date","VisualLineNumber":2},{"Box":[82.414,419.256,49.4046,11.8157],"Polygon":[419.256,82.414,468.6606,82.414,468.6606,94.2297,419.256,94.2297],"IndexInText":2501,"OcrConfidence":1.0,"Text":"2022-08-17","VisualLineNumber":2}]}]},{"IndexInText":2513,"Language":"eng","Length":37,"Rotation":"None","SkewAngle":0.0,"Type":"Paragraph","WordGroups":[{"IndexInText":2513,"Length":37,"Type":"Other","Words":[{"Box":[70.048,597.744,29.6428,11.3837],"Polygon":[597.744,70.048,627.3868,70.048,627.3868,81.4317,597.744,81.4317],"IndexInText":2513,"OcrConfidence":1.0,"Text":"Billed","VisualLineNumber":1},{"Box":[70.048,632.3272,29.6427,11.3837],"Polygon":[632.3272,70.048,661.9699,70.048,661.9699,81.4317,632.3272,81.4317],"IndexInText":2520,"OcrConfidence":1.0,"Text":"Entity","VisualLineNumber":1},{"Box":[70.048,666.9103,19.7619,11.3837],"Polygon":[666.9103,70.048,686.6722,70.048,686.6722,81.4317,666.9103,81.4317],"IndexInText":2527,"OcrConfidence":1.0,"Text":"Name","VisualLineNumber":1},{"Box":[69.67,692.28,34.5832,11.8157],"Polygon":[692.28,69.67,726.8632,69.67,726.8632,81.4857,692.28,81.4857],"IndexInText":2532,"OcrConfidence":1.0,"Text":"EASYJET","VisualLineNumber":1},{"Box":[69.67,731.8036,9.881,11.8157],"Polygon":[731.8036,69.67,741.6846,69.67,741.6846,81.4857,731.8036,81.4857],"IndexInText":2540,"OcrConfidence":1.0,"Text":"UK","VisualLineNumber":1},{"Box":[69.67,746.625,34.5832,11.8157],"Polygon":[746.625,69.67,781.2082,69.67,781.2082,81.4857,746.625,81.4857],"IndexInText":2543,"OcrConfidence":1.0,"Text":"LIMITED","VisualLineNumber":1}]}]},{"IndexInText":2552,"Language":"eng","Length":82,"Rotation":"None","SkewAngle":0.0,"Type":"Paragraph","WordGroups":[{"IndexInText":2552,"Length":82,"Type":"Heading","Words":[{"Box":[120.576,268.704,14.8214,11.8157],"Polygon":[268.704,120.576,283.5254,120.576,283.5254,132.3917,268.704,132.3917],"IndexInText":2552,"OcrConfidence":1.0,"Text":"Due","VisualLineNumber":4},{"Box":[131.088,76.248,54.345,11.8157],"Polygon":[76.248,131.088,130.593,131.088,130.593,142.9037,76.248,142.9037],"IndexInText":2556,"OcrConfidence":1.0,"Text":"Description","VisualLineNumber":5},{"Box":[131.088,211.032,14.8214,11.8157],"Polygon":[211.032,131.088,225.8534,131.088,225.8534,142.9037,211.032,142.9037],"IndexInText":2568,"OcrConfidence":1.0,"Text":"Due","VisualLineNumber":5},{"Box":[131.088,230.7938,19.7619,11.8157],"Polygon":[230.7938,131.088,250.5557,131.088,250.5557,142.9037,230.7938,142.9037],"IndexInText":2572,"OcrConfidence":1.0,"Text":"Date","VisualLineNumber":5},{"Box":[131.088,268.704,19.7619,11.8157],"Polygon":[268.704,131.088,288.4659,131.088,288.4659,142.9037,268.704,142.9037],"IndexInText":2577,"OcrConfidence":1.0,"Text":"Days","VisualLineNumber":5},{"Box":[131.088,336.888,24.7023,11.8157],"Polygon":[336.888,131.088,361.5903,131.088,361.5903,142.9037,336.888,142.9037],"IndexInText":2582,"OcrConfidence":1.0,"Text":"Terms","VisualLineNumber":5},{"Box":[131.088,445.464,19.7619,11.8157],"Polygon":[445.464,131.088,465.2259,131.088,465.2259,142.9037,445.464,142.9037],"IndexInText":2588,"OcrConfidence":1.0,"Text":"Bank","VisualLineNumber":5},{"Box":[131.088,470.1663,19.7618,11.8157],"Polygon":[470.1663,131.088,489.9281,131.088,489.9281,142.9037,470.1663,142.9037],"IndexInText":2593,"OcrConfidence":1.0,"Text":"Name","VisualLineNumber":5},{"Box":[131.088,537.48,34.5832,11.8157],"Polygon":[537.48,131.088,572.0632,131.088,572.0632,142.9037,537.48,142.9037],"IndexInText":2598,"OcrConfidence":1.0,"Text":"Contact","VisualLineNumber":5},{"Box":[131.088,577.0036,29.6428,11.8157],"Polygon":[577.0036,131.088,606.6464,131.088,606.6464,142.9037,577.0036,142.9037],"IndexInText":2606,"OcrConfidence":1.0,"Text":"Person","VisualLineNumber":5},{"Box":[131.088,644.76,19.7619,11.8157],"Polygon":[644.76,131.088,664.5219,131.088,664.5219,142.9037,644.76,142.9037],"IndexInText":2613,"OcrConfidence":1.0,"Text":"Bank","VisualLineNumber":5},{"Box":[131.088,669.4623,19.7618,11.8157],"Polygon":[669.4623,131.088,689.2241,131.088,689.2241,142.9037,669.4623,142.9037],"IndexInText":2618,"OcrConfidence":1.0,"Text":"Code","VisualLineNumber":5},{"Box":[131.088,746.136,29.6428,11.8157],"Polygon":[746.136,131.088,775.7788,131.088,775.7788,142.9037,746.136,142.9037],"IndexInText":2623,"OcrConfidence":1.0,"Text":"Branch","VisualLineNumber":5},{"Box":[131.088,780.7192,19.7618,11.8157],"Polygon":[780.7192,131.088,800.481,131.088,800.481,142.9037,780.7192,142.9037],"IndexInText":2630,"OcrConfidence":1.0,"Text":"Code","VisualLineNumber":5}]}]},{"IndexInText":2636,"Language":"eng","Length":22,"Rotation":"None","SkewAngle":0.0,"Type":"Paragraph","WordGroups":[{"IndexInText":2636,"Length":22,"Type":"Heading","Words":[{"Box":[146.856,413.28,24.7023,11.8157],"Polygon":[413.28,146.856,437.9823,146.856,437.9823,158.6717,413.28,158.6717],"IndexInText":2636,"OcrConfidence":1.0,"Text":"Royal","VisualLineNumber":6},{"Box":[146.856,442.9227,19.7619,11.8157],"Polygon":[442.9227,146.856,462.6846,146.856,462.6846,158.6717,442.9227,158.6717],"IndexInText":2642,"OcrConfidence":1.0,"Text":"Bank","VisualLineNumber":6},{"Box":[146.856,467.625,9.8809,11.8157],"Polygon":[467.625,146.856,477.5059,146.856,477.5059,158.6717,467.625,158.6717],"IndexInText":2647,"OcrConfidence":1.0,"Text":"of","VisualLineNumber":6},{"Box":[146.856,482.4463,39.5237,11.8157],"Polygon":[482.4463,146.856,521.97,146.856,521.97,158.6717,482.4463,158.6717],"IndexInText":2650,"OcrConfidence":1.0,"Text":"Scotland","VisualLineNumber":6}]}]},{"IndexInText":2660,"Language":"tur","Length":6,"Rotation":"None","SkewAngle":0.0,"Type":"Paragraph","WordGroups":[{"IndexInText":2660,"Length":6,"Type":"Other","Words":[{"Box":[146.856,758.52,29.6428,11.8157],"Polygon":[758.52,146.856,788.1628,146.856,788.1628,158.6717,758.52,158.6717],"IndexInText":2660,"OcrConfidence":1.0,"Text":"160400","VisualLineNumber":6}]}]},{"IndexInText":2668,"Language":"eng","Length":88,"Rotation":"None","SkewAngle":0.0,"Type":"Paragraph","WordGroups":[{"IndexInText":2668,"Length":88,"Type":"Other","Words":[{"Box":[161.85,629.928,19.7619,11.3837],"Polygon":[629.928,161.85,649.6899,161.85,649.6899,173.2337,629.928,173.2337],"IndexInText":2668,"OcrConfidence":1.0,"Text":"Bank","VisualLineNumber":7},{"Box":[161.85,654.6303,39.5236,11.3837],"Polygon":[654.6303,161.85,694.1539,161.85,694.1539,173.2337,654.6303,173.2337],"IndexInText":2673,"OcrConfidence":1.0,"Text":"Currency","VisualLineNumber":7},{"Box":[172.362,137.592,19.7619,11.3837],"Polygon":[137.592,172.362,157.3539,172.362,157.3539,183.7457,137.592,183.7457],"IndexInText":2682,"OcrConfidence":1.0,"Text":"IBAN","VisualLineNumber":8},{"Box":[172.362,320.112,24.7023,11.3837],"Polygon":[320.112,172.362,344.8143,172.362,344.8143,183.7457,320.112,183.7457],"IndexInText":2687,"OcrConfidence":1.0,"Text":"SWIFT","VisualLineNumber":8},{"Box":[172.362,415.08,19.7619,11.3837],"Polygon":[415.08,172.362,434.8419,172.362,434.8419,183.7457,415.08,183.7457],"IndexInText":2693,"OcrConfidence":1.0,"Text":"Bank","VisualLineNumber":8},{"Box":[172.362,439.7823,34.5832,11.3837],"Polygon":[439.7823,172.362,474.3655,172.362,474.3655,183.7457,439.7823,183.7457],"IndexInText":2698,"OcrConfidence":1.0,"Text":"Account","VisualLineNumber":8},{"Box":[172.362,479.3059,9.8809,11.3837],"Polygon":[479.3059,172.362,489.1868,172.362,489.1868,183.7457,479.3059,183.7457],"IndexInText":2706,"OcrConfidence":1.0,"Text":"No","VisualLineNumber":8},{"Box":[172.362,533.808,19.7619,11.3837],"Polygon":[533.808,172.362,553.5699,172.362,553.5699,183.7457,533.808,183.7457],"IndexInText":2709,"OcrConfidence":1.0,"Text":"Bank","VisualLineNumber":8},{"Box":[172.362,558.5103,34.5832,11.3837],"Polygon":[558.5103,172.362,593.0935,172.362,593.0935,183.7457,558.5103,183.7457],"IndexInText":2714,"OcrConfidence":1.0,"Text":"Account","VisualLineNumber":8},{"Box":[172.362,598.0339,19.7618,11.3837],"Polygon":[598.0339,172.362,617.7957,172.362,617.7957,183.7457,598.0339,183.7457],"IndexInText":2722,"OcrConfidence":1.0,"Text":"Name","VisualLineNumber":8},{"Box":[172.362,654.696,19.7619,11.3837],"Polygon":[654.696,172.362,674.4579,172.362,674.4579,183.7457,654.696,183.7457],"IndexInText":2727,"OcrConfidence":1.0,"Text":"Code","VisualLineNumber":8},{"Box":[172.362,705.24,44.4641,11.3837],"Polygon":[705.24,172.362,749.7041,172.362,749.7041,183.7457,705.24,183.7457],"IndexInText":2732,"OcrConfidence":1.0,"Text":"Reference","VisualLineNumber":8},{"Box":[172.362,754.6445,34.5832,11.3837],"Polygon":[754.6445,172.362,789.2277,172.362,789.2277,183.7457,754.6445,183.7457],"IndexInText":2742,"OcrConfidence":1.0,"Text":"Invoice","VisualLineNumber":8},{"Box":[172.362,794.1681,29.6428,11.3837],"Polygon":[794.1681,172.362,823.8109,172.362,823.8109,183.7457,794.1681,183.7457],"IndexInText":2750,"OcrConfidence":1.0,"Text":"Number","VisualLineNumber":8}]}]},{"IndexInText":2758,"Language":"eng","Length":73,"Rotation":"None","SkewAngle":0.0,"Type":"Paragraph","WordGroups":[{"IndexInText":2758,"Length":73,"Type":"Other","Words":[{"Box":[187.68,93.024,108.69,11.8157],"Polygon":[93.024,187.68,201.714,187.68,201.714,199.4957,93.024,199.4957],"IndexInText":2758,"OcrConfidence":1.0,"Text":"GB07RBOS16040031310506","VisualLineNumber":9},{"Box":[187.68,312.768,39.5237,11.8157],"Polygon":[312.768,187.68,352.2917,187.68,352.2917,199.4957,312.768,199.4957],"IndexInText":2781,"OcrConfidence":1.0,"Text":"RBOSGB2L","VisualLineNumber":9},{"Box":[187.68,432.36,39.5237,11.8157],"Polygon":[432.36,187.68,471.8837,187.68,471.8837,199.4957,432.36,199.4957],"IndexInText":2790,"OcrConfidence":1.0,"Text":"31310506","VisualLineNumber":9},{"Box":[187.68,528.912,34.5832,11.8157],"Polygon":[528.912,187.68,563.4952,187.68,563.4952,199.4957,528.912,199.4957],"IndexInText":2799,"OcrConfidence":1.0,"Text":"Glasgow","VisualLineNumber":9},{"Box":[187.68,568.4356,34.5832,11.8157],"Polygon":[568.4356,187.68,603.0188,187.68,603.0188,199.4957,568.4356,199.4957],"IndexInText":2807,"OcrConfidence":1.0,"Text":"Airport","VisualLineNumber":9},{"Box":[187.68,607.9592,14.8214,11.8157],"Polygon":[607.9592,187.68,622.7806,187.68,622.7806,199.4957,607.9592,199.4957],"IndexInText":2815,"OcrConfidence":1.0,"Text":"LTD","VisualLineNumber":9},{"Box":[187.68,657.144,14.8214,11.8157],"Polygon":[657.144,187.68,671.9654,187.68,671.9654,199.4957,657.144,199.4957],"IndexInText":2819,"OcrConfidence":1.0,"Text":"GBP","VisualLineNumber":9},{"Box":[187.68,744.768,39.5237,11.8157],"Polygon":[744.768,187.68,784.2917,187.68,784.2917,199.4957,744.768,199.4957],"IndexInText":2823,"OcrConfidence":1.0,"Text":"81003972","VisualLineNumber":9}]}]},{"IndexInText":2833,"Language":"eng","Length":11,"Rotation":"None","SkewAngle":0.0,"Type":"Footer","WordGroups":[{"IndexInText":2833,"Length":11,"Type":"Other","Words":[{"Box":[543.827,7.272,13.176,7.59],"Polygon":[7.272,543.827,20.448,543.827,20.448,551.417,7.272,551.417],"IndexInText":2833,"OcrConfidence":1.0,"Text":"Page","VisualLineNumber":10},{"Box":[543.827,23.742,3.294,7.59],"Polygon":[23.742,543.827,27.036,543.827,27.036,551.417,23.742,551.417],"IndexInText":2838,"OcrConfidence":1.0,"Text":"2","VisualLineNumber":10},{"Box":[543.827,30.33,6.588,7.59],"Polygon":[30.33,543.827,36.918,543.827,36.918,551.417,30.33,551.417],"IndexInText":2840,"OcrConfidence":1.0,"Text":"Of","VisualLineNumber":10},{"Box":[543.827,40.212,3.294,7.59],"Polygon":[40.212,543.827,43.506,543.827,43.506,551.417,40.212,551.417],"IndexInText":2843,"OcrConfidence":1.0,"Text":"2","VisualLineNumber":10}]}]}],"ProcessingSource":"Pdf","IndexInText":2393,"TextLength":451,"SkewAngle":0.0}]}