{"DocumentTypeId":"EasyJet.IATA.ColorFormatOne","FormId":"cb172d30","FormName":"13558-81003972","OriginalFileExtension":"pdf","Pages":[{"Page":0,"Size":[0.0,0.0,841.0,595.0],"SkewAngle":0.0,"Evidence":[{"Text":"2022-08-11","Box":[263.352,43.56,49.4046,11.8157]},{"Text":"138,367.20","Box":[268.608,775.44,49.4046,11.8157]},{"Text":"2022-08-11","Box":[300.144,43.56,49.4046,11.8157]},{"Text":"454.36","Box":[305.4,795.24,29.6428,11.8157]},{"Text":"138,821.56","Box":[360.93,776.304,49.4046,11.3837]}],"Fields":[{"Field":"EasyJet.IATA.ColorFormatOne.InvoiceNumber","Box":[66.7214,416.3622,53.7909,18.1027]},{"Field":"EasyJet.IATA.ColorFormatOne.InvoiceDate","Box":[82.238,416.3622,60.5148,12.9305]},{"Field":"EasyJet.IATA.ColorFormatOne.BillingEntityName","Box":[64.6525,139.6494,106.5474,19.1371]},{"Field":"EasyJet.IATA.ColorFormatOne.LocationCode","Box":[166.5449,414.8106,42.4121,15.5166]},{"Field":"EasyJet.IATA.ColorFormatOne.CurrencyOfBilling","Box":[134.9945,417.3967,36.2054,14.4822]},{"Field":"EasyJet.IATA.ColorFormatOne.VAT","Box":[406.8748,795.7186,35.2782,19.599]},{"Field":"EasyJet.IATA.ColorFormatOne.Tax","Box":[391.9796,791.0148,47.0376,15.6792]},{"Field":"EasyJet.IATA.ColorFormatOne.TotalAmount","Box":[427.2578,769.064,62.7167,17.2471]}],"Tables":[{"FieldId":"EasyJet.IATA.ColorFormatOne.ItemTable","Headers":[{"FieldId":"EasyJet.IATA.ColorFormatOne.ItemTable.DateOfService","Box":[0.0,0.0,0.0,0.0]},{"FieldId":"EasyJet.IATA.ColorFormatOne.ItemTable.ChargeCode","Box":[0.0,0.0,0.0,0.0]},{"FieldId":"EasyJet.IATA.ColorFormatOne.ItemTable.LocCode","Box":[0.0,0.0,0.0,0.0]},{"FieldId":"EasyJet.IATA.ColorFormatOne.ItemTable.ProductId","Box":[0.0,0.0,0.0,0.0]},{"FieldId":"EasyJet.IATA.ColorFormatOne.ItemTable.Description","Box":[0.0,0.0,0.0,0.0]},{"FieldId":"EasyJet.IATA.ColorFormatOne.ItemTable.Quantity","Box":[0.0,0.0,0.0,0.0]},{"FieldId":"EasyJet.IATA.ColorFormatOne.ItemTable.Line_tax","Box":[0.0,0.0,0.0,0.0]},{"FieldId":"EasyJet.IATA.ColorFormatOne.ItemTable.Line_vat","Box":[0.0,0.0,0.0,0.0]},{"FieldId":"EasyJet.IATA.ColorFormatOne.ItemTable.Line_total_amt","Box":[0.0,0.0,0.0,0.0]}],"Cells":[{"Row":0,"Column":0,"Box":[254.5636,42.996,69.6126,35.4888]},{"Row":0,"Column":1,"Box":[254.4723,114.3057,32.5849,40.3432]},{"Row":0,"Column":2,"Box":[257.976,150.8272,24.5691,32.7589]},{"Row":0,"Column":3,"Box":[257.976,182.2211,44.3609,36.1712]},{"Row":0,"Column":4,"Box":[257.976,227.947,133.0828,34.1238]},{"Row":0,"Column":5,"Box":[256.611,369.9021,38.2187,34.1238]},{"Row":0,"Column":6,"Box":[263.7823,675.4895,30.516,24.3093]},{"Row":0,"Column":7,"Box":[261.1962,724.6255,30.516,30.516]},{"Row":0,"Column":8,"Box":[260.679,769.6236,60.5148,25.3438]},{"Row":1,"Column":0,"Box":[297.5596,42.3135,68.9301,27.9815]},{"Row":1,"Column":1,"Box":[296.8844,113.2712,34.6538,29.9988]},{"Row":1,"Column":2,"Box":[298.2421,152.8746,30.0289,24.5691]},{"Row":1,"Column":3,"Box":[297.5596,185.6335,38.9011,27.299]},{"Row":1,"Column":4,"Box":[297.5596,225.2171,119.4333,26.6166]},{"Row":1,"Column":5,"Box":[298.2421,371.267,34.1238,27.299]},{"Row":1,"Column":6,"Box":[298.436,673.4207,32.5849,26.3782]},{"Row":1,"Column":7,"Box":[300.5049,723.0738,33.1021,24.3093]},{"Row":1,"Column":8,"Box":[299.4705,787.2091,47.067,24.3093]}]}]},{"Page":1,"Size":[0.0,0.0,841.0,595.0],"SkewAngle":0.0,"Evidence":[{"Text":"IBAN","Box":[172.362,137.592,19.7619,11.3837]},{"Text":"SWIFT","Box":[172.362,320.112,24.7023,11.3837]},{"Text":"Bank","Box":[172.362,415.08,19.7619,11.3837]},{"Text":"Account","Box":[172.362,439.7823,34.5832,11.3837]},{"Text":"No","Box":[172.362,479.3059,9.8809,11.3837]}],"Fields":[{"Field":"EasyJet.IATA.ColorFormatOne.BankAccount","Box":[184.2304,418.6342,72.1242,19.599]},{"Field":"EasyJet.IATA.ColorFormatOne.IBAN","Box":[181.8785,82.3157,124.6495,20.3829]}],"Tables":[]}],"AnchorBasedConfiguration":{"AnchorBasedFieldConfiguration":[]}}