{"DocumentTypeId":"EasyJet.IATA.ColorFormatOne","FormId":"25f973f8","FormName":"12019-CGF2207088","OriginalFileExtension":"pdf","Pages":[{"Page":0,"Size":[0.0,0.0,841.0,595.0],"SkewAngle":0.0,"Evidence":[{"Text":"2022-06-01","Box":[271.2,53.496,49.4046,11.8157]},{"Text":"6,370.00","Box":[271.2,785.304,39.5237,11.8157]},{"Text":"2022-06-01","Box":[288.408,53.496,49.4046,11.8157]},{"Text":"5,821.20","Box":[288.408,785.304,39.5237,11.8157]},{"Text":"12,191.20","Box":[338.61,781.2,44.4641,11.3837]}],"Fields":[{"Field":"EasyJet.IATA.ColorFormatOne.InvoiceNumber","Box":[65.5177,419.7228,57.328,19.7918]},{"Field":"EasyJet.IATA.ColorFormatOne.InvoiceDate","Box":[79.8497,410.8506,66.8827,16.3794]},{"Field":"EasyJet.IATA.ColorFormatOne.BillingEntityName","Box":[71.92,142.68,120.64,8.12]},{"Field":"EasyJet.IATA.ColorFormatOne.LocationCode","Box":[168.5716,421.0878,32.7589,11.6021]},{"Field":"EasyJet.IATA.ColorFormatOne.CurrencyOfBilling","Box":[133.6792,414.7027,34.4595,16.0415]},{"Field":"EasyJet.IATA.ColorFormatOne.VAT","Box":[383.5516,798.497,32.0764,19.1093]},{"Field":"EasyJet.IATA.ColorFormatOne.Tax","Box":[368.5371,795.7671,36.8537,15.697]},{"Field":"EasyJet.IATA.ColorFormatOne.TotalAmount","Box":[404.0259,773.2454,55.963,19.1093]}],"Tables":[{"FieldId":"EasyJet.IATA.ColorFormatOne.ItemTable","Headers":[{"FieldId":"EasyJet.IATA.ColorFormatOne.ItemTable.DateOfService","Box":[0.0,0.0,0.0,0.0]},{"FieldId":"EasyJet.IATA.ColorFormatOne.ItemTable.ChargeCode","Box":[0.0,0.0,0.0,0.0]},{"FieldId":"EasyJet.IATA.ColorFormatOne.ItemTable.LocCode","Box":[0.0,0.0,0.0,0.0]},{"FieldId":"EasyJet.IATA.ColorFormatOne.ItemTable.ProductId","Box":[0.0,0.0,0.0,0.0]},{"FieldId":"EasyJet.IATA.ColorFormatOne.ItemTable.Description","Box":[0.0,0.0,0.0,0.0]},{"FieldId":"EasyJet.IATA.ColorFormatOne.ItemTable.Quantity","Box":[0.0,0.0,0.0,0.0]},{"FieldId":"EasyJet.IATA.ColorFormatOne.ItemTable.Line_tax","Box":[0.0,0.0,0.0,0.0]},{"FieldId":"EasyJet.IATA.ColorFormatOne.ItemTable.Line_vat","Box":[0.0,0.0,0.0,0.0]},{"FieldId":"EasyJet.IATA.ColorFormatOne.ItemTable.Line_total_amt","Box":[0.0,0.0,0.0,0.0]}],"Cells":[{"Row":0,"Column":0,"Box":[271.5077,41.8815,67.8769,8.6651]},{"Row":0,"Column":1,"Box":[271.0234,116.3745,22.2405,11.8961]},{"Row":0,"Column":2,"Box":[271.0234,146.8905,25.861,12.4133]},{"Row":0,"Column":3,"Box":[272.9519,174.747,49.1025,8.6651]},{"Row":0,"Column":4,"Box":[270.0635,226.7378,135.7539,11.5535]},{"Row":0,"Column":5,"Box":[271.5077,374.0452,24.5512,10.1093]},{"Row":0,"Column":6,"Box":[270.5062,678.0756,24.8266,12.9305]},{"Row":0,"Column":7,"Box":[271.5406,721.5221,32.5849,12.4133]},{"Row":0,"Column":8,"Box":[270.5062,772.2097,53.7909,13.9649]},{"Row":1,"Column":0,"Box":[287.3938,50.5466,54.8792,12.9977]},{"Row":1,"Column":1,"Box":[288.0916,113.7884,28.4471,14.9994]},{"Row":1,"Column":2,"Box":[288.838,147.3074,25.9954,8.6651]},{"Row":1,"Column":3,"Box":[284.5054,177.6354,44.7699,12.9977]},{"Row":1,"Column":4,"Box":[284.5054,226.7378,137.198,18.7745]},{"Row":1,"Column":5,"Box":[284.5054,378.3778,14.4419,15.8861]},{"Row":1,"Column":6,"Box":[286.54,677.0412,26.8954,16.551]},{"Row":1,"Column":7,"Box":[287.0572,716.8672,38.2743,16.551]},{"Row":1,"Column":8,"Box":[285.5055,766.0031,58.9631,18.1027]}]}]},{"Page":1,"Size":[0.0,0.0,841.0,595.0],"SkewAngle":0.0,"Evidence":[{"Text":"Branch","Box":[131.088,746.136,29.6428,11.8157]},{"Text":"IBAN","Box":[172.362,137.592,19.7619,11.3837]},{"Text":"SWIFT","Box":[172.362,320.112,24.7023,11.3837]},{"Text":"Bank","Box":[172.362,415.08,19.7619,11.3837]},{"Text":"Reference","Box":[172.362,705.24,44.4641,11.3837]}],"Fields":[{"Field":"EasyJet.IATA.ColorFormatOne.BankAccount","Box":[187.6809,413.5805,78.4848,19.1093]},{"Field":"EasyJet.IATA.ColorFormatOne.IBAN","Box":[187.6809,73.0249,152.8746,20.4743]}],"Tables":[]}],"AnchorBasedConfiguration":{"AnchorBasedFieldConfiguration":[]}}