{"DocumentId":"12019-CGF2207088","ContentType":"application/pdf","Length":3533,"Pages":[{"PageIndex":0,"Size":[0.0,0.0,841.0,595.0],"Sections":[{"IndexInText":0,"Language":"eng","Length":42,"Rotation":"None","SkewAngle":0.0,"Type":"Paragraph","WordGroups":[{"IndexInText":0,"Length":42,"Type":"Other","Words":[{"Box":[70.336,46.944,34.5832,11.3837],"Polygon":[46.944,70.336,81.5272,70.336,81.5272,81.7197,46.944,81.7197],"IndexInText":0,"OcrConfidence":1.0,"Text":"Billing","VisualLineNumber":1},{"Box":[70.336,86.4676,29.6428,11.3837],"Polygon":[86.4676,70.336,116.1104,70.336,116.1104,81.7197,86.4676,81.7197],"IndexInText":8,"OcrConfidence":1.0,"Text":"Entity","VisualLineNumber":1},{"Box":[70.336,121.0508,19.7618,11.3837],"Polygon":[121.0508,70.336,140.8126,70.336,140.8126,81.7197,121.0508,81.7197],"IndexInText":15,"OcrConfidence":1.0,"Text":"Name","VisualLineNumber":1},{"Box":[70.102,145.008,29.6428,11.8157],"Polygon":[145.008,70.102,174.6508,70.102,174.6508,81.9177,145.008,81.9177],"IndexInText":20,"OcrConfidence":1.0,"Text":"GROUPE","VisualLineNumber":1},{"Box":[70.102,179.5912,29.6427,11.8157],"Polygon":[179.5912,70.102,209.2339,70.102,209.2339,81.9177,179.5912,81.9177],"IndexInText":27,"OcrConfidence":1.0,"Text":"EUROPE","VisualLineNumber":1},{"Box":[70.102,214.1743,39.5237,11.8157],"Polygon":[214.1743,70.102,253.698,70.102,253.698,81.9177,214.1743,81.9177],"IndexInText":34,"OcrConfidence":1.0,"Text":"HANDLING","VisualLineNumber":1}]}]},{"IndexInText":44,"Language":"eng","Length":26,"Rotation":"None","SkewAngle":0.0,"Type":"Paragraph","WordGroups":[{"IndexInText":44,"Length":26,"Type":"Heading","Words":[{"Box":[81.856,41.976,29.6428,11.3837],"Polygon":[41.976,81.856,71.6188,81.856,71.6188,93.2397,41.976,93.2397],"IndexInText":44,"OcrConfidence":1.0,"Text":"Entity","VisualLineNumber":2},{"Box":[81.856,76.5592,49.4045,11.3837],"Polygon":[76.5592,81.856,125.9637,81.856,125.9637,93.2397,76.5592,93.2397],"IndexInText":51,"OcrConfidence":1.0,"Text":"Designator","VisualLineNumber":2},{"Box":[81.856,130.9041,4.9405,11.3837],"Polygon":[130.9041,81.856,135.8446,81.856,135.8446,93.2397,130.9041,93.2397],"IndexInText":62,"OcrConfidence":1.0,"Text":"&","VisualLineNumber":2},{"Box":[81.478,145.008,29.6428,11.8157],"Polygon":[145.008,81.478,174.6508,81.478,174.6508,93.2937,145.008,93.2937],"IndexInText":64,"OcrConfidence":1.0,"Text":"XB-Q08","VisualLineNumber":2}]}]},{"IndexInText":72,"Language":"ron","Length":8,"Rotation":"None","SkewAngle":0.0,"Type":"Paragraph","WordGroups":[{"IndexInText":72,"Length":8,"Type":"Heading","Words":[{"Box":[92.368,101.376,39.5237,11.3837],"Polygon":[101.376,92.368,140.8997,92.368,140.8997,103.7517,101.376,103.7517],"IndexInText":72,"OcrConfidence":1.0,"Text":"Num.Code","VisualLineNumber":3}]}]},{"IndexInText":82,"Language":"ita","Length":7,"Rotation":"None","SkewAngle":0.0,"Type":"Header","WordGroups":[{"IndexInText":82,"Length":7,"Type":"Other","Words":[{"Box":[7.825,387.288,61.4842,20.2387],"Polygon":[387.288,7.825,448.7722,7.825,448.7722,28.0637,387.288,28.0637],"IndexInText":82,"OcrConfidence":1.0,"Text":"Invoice","VisualLineNumber":0}]}]},{"IndexInText":91,"Language":"fra","Length":20,"Rotation":"None","SkewAngle":0.0,"Type":"Paragraph","WordGroups":[{"IndexInText":91,"Length":20,"Type":"Other","Words":[{"Box":[71.344,368.784,34.5832,11.3837],"Polygon":[368.784,71.344,403.3672,71.344,403.3672,82.7277,368.784,82.7277],"IndexInText":91,"OcrConfidence":1.0,"Text":"Invoice","VisualLineNumber":1},{"Box":[71.344,408.3076,4.9405,11.3837],"Polygon":[408.3076,71.344,413.2481,71.344,413.2481,82.7277,408.3076,82.7277],"IndexInText":99,"OcrConfidence":1.0,"Text":"#","VisualLineNumber":1},{"Box":[70.966,419.256,49.4046,11.8157],"Polygon":[419.256,70.966,468.6606,70.966,468.6606,82.7817,419.256,82.7817],"IndexInText":101,"OcrConfidence":1.0,"Text":"CGF2207088","VisualLineNumber":1}]}]},{"IndexInText":113,"Language":"ron","Length":15,"Rotation":"None","SkewAngle":0.0,"Type":"Paragraph","WordGroups":[{"IndexInText":113,"Length":15,"Type":"Other","Words":[{"Box":[82.792,393.552,19.7619,11.3837],"Polygon":[393.552,82.792,413.3139,82.792,413.3139,94.1757,393.552,94.1757],"IndexInText":113,"OcrConfidence":1.0,"Text":"Date","VisualLineNumber":2},{"Box":[82.414,419.256,49.4046,11.8157],"Polygon":[419.256,82.414,468.6606,82.414,468.6606,94.2297,419.256,94.2297],"IndexInText":118,"OcrConfidence":1.0,"Text":"2022-07-19","VisualLineNumber":2}]}]},{"IndexInText":130,"Language":"eng","Length":17,"Rotation":"None","SkewAngle":0.0,"Type":"Paragraph","WordGroups":[{"IndexInText":130,"Length":17,"Type":"Heading","Words":[{"Box":[94.312,363.888,49.4046,11.3837],"Polygon":[363.888,94.312,413.2926,94.312,413.2926,105.6957,363.888,105.6957],"IndexInText":130,"OcrConfidence":1.0,"Text":"Month/Year","VisualLineNumber":3},{"Box":[93.934,419.256,14.8214,11.8157],"Polygon":[419.256,93.934,434.0774,93.934,434.0774,105.7497,419.256,105.7497],"IndexInText":141,"OcrConfidence":1.0,"Text":"Jul","VisualLineNumber":3},{"Box":[93.934,439.0178,9.881,11.8157],"Polygon":[439.0178,93.934,448.8988,93.934,448.8988,105.7497,439.0178,105.7497],"IndexInText":145,"OcrConfidence":1.0,"Text":"22","VisualLineNumber":3}]}]},{"IndexInText":149,"Language":"eng","Length":16,"Rotation":"None","SkewAngle":0.0,"Type":"Header","WordGroups":[{"IndexInText":149,"Length":16,"Type":"Other","Words":[{"Box":[7.099,739.512,49.4051,13.1287],"Polygon":[739.512,7.099,788.9171,7.099,788.9171,20.2277,739.512,20.2277],"IndexInText":149,"OcrConfidence":1.0,"Text":"Digitally","VisualLineNumber":0},{"Box":[7.099,794.4065,32.9368,13.1287],"Polygon":[794.4065,7.099,827.3433,7.099,827.3433,20.2277,794.4065,20.2277],"IndexInText":159,"OcrConfidence":1.0,"Text":"Signed","VisualLineNumber":0}]}]},{"IndexInText":167,"Language":"eng","Length":37,"Rotation":"None","SkewAngle":0.0,"Type":"Paragraph","WordGroups":[{"IndexInText":167,"Length":37,"Type":"Other","Words":[{"Box":[70.048,597.744,29.6428,11.3837],"Polygon":[597.744,70.048,627.3868,70.048,627.3868,81.4317,597.744,81.4317],"IndexInText":167,"OcrConfidence":1.0,"Text":"Billed","VisualLineNumber":1},{"Box":[70.048,632.3272,29.6427,11.3837],"Polygon":[632.3272,70.048,661.9699,70.048,661.9699,81.4317,632.3272,81.4317],"IndexInText":174,"OcrConfidence":1.0,"Text":"Entity","VisualLineNumber":1},{"Box":[70.048,666.9103,19.7619,11.3837],"Polygon":[666.9103,70.048,686.6722,70.048,686.6722,81.4317,666.9103,81.4317],"IndexInText":181,"OcrConfidence":1.0,"Text":"Name","VisualLineNumber":1},{"Box":[69.67,692.568,34.5832,11.8157],"Polygon":[692.568,69.67,727.1512,69.67,727.1512,81.4857,692.568,81.4857],"IndexInText":186,"OcrConfidence":1.0,"Text":"EASYJET","VisualLineNumber":1},{"Box":[69.67,732.0916,9.881,11.8157],"Polygon":[732.0916,69.67,741.9726,69.67,741.9726,81.4857,732.0916,81.4857],"IndexInText":194,"OcrConfidence":1.0,"Text":"UK","VisualLineNumber":1},{"Box":[69.67,746.913,34.5832,11.8157],"Polygon":[746.913,69.67,781.4962,69.67,781.4962,81.4857,746.913,81.4857],"IndexInText":197,"OcrConfidence":1.0,"Text":"LIMITED","VisualLineNumber":1}]}]},{"IndexInText":206,"Language":"eng","Length":26,"Rotation":"None","SkewAngle":0.0,"Type":"Paragraph","WordGroups":[{"IndexInText":206,"Length":26,"Type":"Other","Words":[{"Box":[81.856,588.096,29.6428,11.3837],"Polygon":[588.096,81.856,617.7388,81.856,617.7388,93.2397,588.096,93.2397],"IndexInText":206,"OcrConfidence":1.0,"Text":"Entity","VisualLineNumber":2},{"Box":[81.856,622.6792,49.4045,11.3837],"Polygon":[622.6792,81.856,672.0837,81.856,672.0837,93.2397,622.6792,93.2397],"IndexInText":213,"OcrConfidence":1.0,"Text":"Designator","VisualLineNumber":2},{"Box":[81.856,677.0241,4.9405,11.3837],"Polygon":[677.0241,81.856,681.9646,81.856,681.9646,93.2397,677.0241,93.2397],"IndexInText":224,"OcrConfidence":1.0,"Text":"&","VisualLineNumber":2},{"Box":[81.478,692.712,29.6428,11.8157],"Polygon":[692.712,81.478,722.3548,81.478,722.3548,93.2937,692.712,93.2937],"IndexInText":226,"OcrConfidence":1.0,"Text":"U2-35Q","VisualLineNumber":2}]}]},{"IndexInText":234,"Language":"ron","Length":8,"Rotation":"None","SkewAngle":0.0,"Type":"Paragraph","WordGroups":[{"IndexInText":234,"Length":8,"Type":"Other","Words":[{"Box":[92.368,647.496,39.5237,11.3837],"Polygon":[647.496,92.368,687.0197,92.368,687.0197,103.7517,647.496,103.7517],"IndexInText":234,"OcrConfidence":1.0,"Text":"Num.Code","VisualLineNumber":3}]}]},{"IndexInText":244,"Language":"eng","Length":2129,"Rotation":"None","SkewAngle":0.0,"Type":"Table","WordGroups":[{"IndexInText":244,"Length":709,"Type":"TableRowEnd","Words":[{"Box":[104.034,86.04,39.5237,11.3837],"Polygon":[86.04,104.034,125.5637,104.034,125.5637,115.4177,86.04,115.4177],"IndexInText":244,"OcrConfidence":1.0,"Text":"Location","VisualLineNumber":4},{"Box":[104.034,130.5041,9.8809,11.3837],"Polygon":[130.5041,104.034,140.385,104.034,140.385,115.4177,130.5041,115.4177],"IndexInText":253,"OcrConfidence":1.0,"Text":"ID","VisualLineNumber":4},{"Box":[103.656,146.448,19.7619,11.8157],"Polygon":[146.448,103.656,166.2099,103.656,166.2099,115.4717,146.448,115.4717],"IndexInText":256,"OcrConfidence":1.0,"Text":"Main","VisualLineNumber":4},{"Box":[105.042,384.84,29.6428,11.3837],"Polygon":[384.84,105.042,414.4828,105.042,414.4828,116.4257,384.84,116.4257],"IndexInText":261,"OcrConfidence":1.0,"Text":"Period","VisualLineNumber":4},{"Box":[104.664,420.48,9.881,11.8157],"Polygon":[420.48,104.664,430.361,104.664,430.361,116.4797,420.48,116.4797],"IndexInText":268,"OcrConfidence":1.0,"Text":"02","VisualLineNumber":4},{"Box":[104.034,631.656,39.5237,11.3837],"Polygon":[631.656,104.034,671.1797,104.034,671.1797,115.4177,631.656,115.4177],"IndexInText":271,"OcrConfidence":1.0,"Text":"Location","VisualLineNumber":4},{"Box":[104.034,676.1201,9.8809,11.3837],"Polygon":[676.1201,104.034,686.001,104.034,686.001,115.4177,676.1201,115.4177],"IndexInText":280,"OcrConfidence":1.0,"Text":"ID","VisualLineNumber":4},{"Box":[103.656,692.064,19.7619,11.8157],"Polygon":[692.064,103.656,711.8259,103.656,711.8259,115.4717,692.064,115.4717],"IndexInText":283,"OcrConfidence":1.0,"Text":"Main","VisualLineNumber":4},{"Box":[114.546,71.208,34.5832,11.3837],"Polygon":[71.208,114.546,105.7912,114.546,105.7912,125.9297,71.208,125.9297],"IndexInText":288,"OcrConfidence":1.0,"Text":"Contact","VisualLineNumber":5},{"Box":[114.546,110.7316,29.6428,11.3837],"Polygon":[110.7316,114.546,140.3744,114.546,140.3744,125.9297,110.7316,125.9297],"IndexInText":296,"OcrConfidence":1.0,"Text":"Person","VisualLineNumber":5},{"Box":[115.554,325.44,14.8214,11.3837],"Polygon":[325.44,115.554,340.2614,115.554,340.2614,126.9377,325.44,126.9377],"IndexInText":303,"OcrConfidence":1.0,"Text":"Tax","VisualLineNumber":5},{"Box":[115.554,345.2018,34.5832,11.3837],"Polygon":[345.2018,115.554,379.785,115.554,379.785,126.9377,345.2018,126.9377],"IndexInText":307,"OcrConfidence":1.0,"Text":"Invoice","VisualLineNumber":5},{"Box":[115.554,384.7254,29.6428,11.3837],"Polygon":[384.7254,115.554,414.3682,115.554,414.3682,126.9377,384.7254,126.9377],"IndexInText":315,"OcrConfidence":1.0,"Text":"Number","VisualLineNumber":5},{"Box":[114.546,616.824,34.5832,11.3837],"Polygon":[616.824,114.546,651.4072,114.546,651.4072,125.9297,616.824,125.9297],"IndexInText":322,"OcrConfidence":1.0,"Text":"Contact","VisualLineNumber":5},{"Box":[114.546,656.3476,29.6428,11.3837],"Polygon":[656.3476,114.546,685.9904,114.546,685.9904,125.9297,656.3476,125.9297],"IndexInText":330,"OcrConfidence":1.0,"Text":"Person","VisualLineNumber":5},{"Box":[125.058,110.808,29.6428,11.3837],"Polygon":[110.808,125.058,140.4508,125.058,140.4508,136.4417,110.808,136.4417],"IndexInText":337,"OcrConfidence":1.0,"Text":"Street","VisualLineNumber":6},{"Box":[124.68,146.448,9.881,11.8157],"Polygon":[146.448,124.68,156.329,124.68,156.329,136.4957,146.448,136.4957],"IndexInText":344,"OcrConfidence":1.0,"Text":"BP","VisualLineNumber":6},{"Box":[124.68,161.2694,24.7023,11.8157],"Polygon":[161.2694,124.68,185.9717,124.68,185.9717,136.4957,161.2694,136.4957],"IndexInText":347,"OcrConfidence":1.0,"Text":"12036","VisualLineNumber":6},{"Box":[126.066,340.272,29.6428,11.3837],"Polygon":[340.272,126.066,369.9148,126.066,369.9148,137.4497,340.272,137.4497],"IndexInText":353,"OcrConfidence":1.0,"Text":"Charge","VisualLineNumber":6},{"Box":[126.066,374.8552,39.5236,11.3837],"Polygon":[374.8552,126.066,414.3788,126.066,414.3788,137.4497,374.8552,137.4497],"IndexInText":360,"OcrConfidence":1.0,"Text":"Category","VisualLineNumber":6},{"Box":[125.688,420.48,29.6428,11.8157],"Polygon":[420.48,125.688,450.1228,125.688,450.1228,137.5037,420.48,137.5037],"IndexInText":369,"OcrConfidence":1.0,"Text":"Ground","VisualLineNumber":6},{"Box":[125.688,455.0632,39.5236,11.8157],"Polygon":[455.0632,125.688,494.5868,125.688,494.5868,137.5037,455.0632,137.5037],"IndexInText":376,"OcrConfidence":1.0,"Text":"Handling","VisualLineNumber":6},{"Box":[125.058,656.424,29.6428,11.3837],"Polygon":[656.424,125.058,686.0668,125.058,686.0668,136.4417,656.424,136.4417],"IndexInText":385,"OcrConfidence":1.0,"Text":"Street","VisualLineNumber":6},{"Box":[124.68,692.064,39.5237,11.8157],"Polygon":[692.064,124.68,731.5877,124.68,731.5877,136.4957,692.064,136.4957],"IndexInText":392,"OcrConfidence":1.0,"Text":"Easyland","VisualLineNumber":6},{"Box":[124.68,736.5281,39.5236,11.8157],"Polygon":[736.5281,124.68,776.0517,124.68,776.0517,136.4957,736.5281,136.4957],"IndexInText":401,"OcrConfidence":1.0,"Text":"Purchase","VisualLineNumber":6},{"Box":[124.68,780.9921,29.6428,11.8157],"Polygon":[780.9921,124.68,810.6349,124.68,810.6349,136.4957,780.9921,136.4957],"IndexInText":410,"OcrConfidence":1.0,"Text":"Ledger","VisualLineNumber":6},{"Box":[135.192,146.448,44.4641,11.8157],"Polygon":[146.448,135.192,190.9121,135.192,190.9121,147.0077,146.448,147.0077],"IndexInText":417,"OcrConfidence":1.0,"Text":"Residence","VisualLineNumber":7},{"Box":[135.192,195.8525,34.5832,11.8157],"Polygon":[195.8525,135.192,230.4357,135.192,230.4357,147.0077,195.8525,147.0077],"IndexInText":427,"OcrConfidence":1.0,"Text":"Sejours","VisualLineNumber":7},{"Box":[135.192,235.3761,9.881,11.8157],"Polygon":[235.3761,135.192,245.2571,135.192,245.2571,147.0077,235.3761,147.0077],"IndexInText":435,"OcrConfidence":1.0,"Text":"et","VisualLineNumber":7},{"Box":[136.578,320.472,39.5237,11.3837],"Polygon":[320.472,136.578,359.9957,136.578,359.9957,147.9617,320.472,147.9617],"IndexInText":438,"OcrConfidence":1.0,"Text":"Currency","VisualLineNumber":7},{"Box":[136.578,364.9361,9.8809,11.3837],"Polygon":[364.9361,136.578,374.817,136.578,374.817,147.9617,364.9361,147.9617],"IndexInText":447,"OcrConfidence":1.0,"Text":"of","VisualLineNumber":7},{"Box":[136.578,379.7574,34.5832,11.3837],"Polygon":[379.7574,136.578,414.3406,136.578,414.3406,147.9617,379.7574,147.9617],"IndexInText":450,"OcrConfidence":1.0,"Text":"Billing","VisualLineNumber":7},{"Box":[136.2,420.48,14.8214,11.8157],"Polygon":[420.48,136.2,435.3014,136.2,435.3014,148.0157,420.48,148.0157],"IndexInText":458,"OcrConfidence":1.0,"Text":"EUR","VisualLineNumber":7},{"Box":[135.192,692.064,49.4046,11.8157],"Polygon":[692.064,135.192,741.4686,135.192,741.4686,147.0077,692.064,147.0077],"IndexInText":462,"OcrConfidence":1.0,"Text":"Department","VisualLineNumber":7},{"Box":[145.704,146.448,39.5237,11.8157],"Polygon":[146.448,145.704,185.9717,145.704,185.9717,157.5197,146.448,157.5197],"IndexInText":473,"OcrConfidence":1.0,"Text":"Affaires","VisualLineNumber":8},{"Box":[147.09,330.408,49.4046,11.3837],"Polygon":[330.408,147.09,379.8126,147.09,379.8126,158.4737,330.408,158.4737],"IndexInText":482,"OcrConfidence":1.0,"Text":"Settlement","VisualLineNumber":8},{"Box":[147.09,384.753,29.6427,11.3837],"Polygon":[384.753,147.09,414.3957,147.09,414.3957,158.4737,384.753,158.4737],"IndexInText":493,"OcrConfidence":1.0,"Text":"Method","VisualLineNumber":8},{"Box":[146.712,420.48,44.4641,11.8157],"Polygon":[420.48,146.712,464.9441,146.712,464.9441,158.5277,420.48,158.5277],"IndexInText":500,"OcrConfidence":1.0,"Text":"BILATERAL","VisualLineNumber":8},{"Box":[145.704,692.064,59.2855,11.8157],"Polygon":[692.064,145.704,751.3495,145.704,751.3495,157.5197,692.064,157.5197],"IndexInText":510,"OcrConfidence":1.0,"Text":"London-Luton","VisualLineNumber":8},{"Box":[145.704,756.2899,34.5832,11.8157],"Polygon":[756.2899,145.704,790.8731,145.704,790.8731,157.5197,756.2899,157.5197],"IndexInText":523,"OcrConfidence":1.0,"Text":"Airport","VisualLineNumber":8},{"Box":[156.594,120.672,19.7619,11.3837],"Polygon":[120.672,156.594,140.4339,156.594,140.4339,167.9777,120.672,167.9777],"IndexInText":531,"OcrConfidence":1.0,"Text":"City","VisualLineNumber":9},{"Box":[156.216,146.448,29.6428,11.8157],"Polygon":[146.448,156.216,176.0908,156.216,176.0908,168.0317,146.448,168.0317],"IndexInText":536,"OcrConfidence":1.0,"Text":"Roissy","VisualLineNumber":9},{"Box":[156.216,181.0312,9.8809,11.8157],"Polygon":[181.0312,156.216,190.9121,156.216,190.9121,168.0317,181.0312,168.0317],"IndexInText":543,"OcrConfidence":1.0,"Text":"en","VisualLineNumber":9},{"Box":[156.216,195.8525,29.6428,11.8157],"Polygon":[195.8525,156.216,225.4953,156.216,225.4953,168.0317,195.8525,168.0317],"IndexInText":546,"OcrConfidence":1.0,"Text":"france","VisualLineNumber":9},{"Box":[157.602,369.936,9.881,11.3837],"Polygon":[369.936,157.602,379.817,157.602,379.817,168.9857,369.936,168.9857],"IndexInText":553,"OcrConfidence":1.0,"Text":"PO","VisualLineNumber":9},{"Box":[157.602,384.7574,29.6427,11.3837],"Polygon":[384.7574,157.602,414.4001,157.602,414.4001,168.9857,384.7574,168.9857],"IndexInText":556,"OcrConfidence":1.0,"Text":"Number","VisualLineNumber":9},{"Box":[156.216,692.064,29.6428,11.8157],"Polygon":[692.064,156.216,721.7068,156.216,721.7068,168.0317,692.064,168.0317],"IndexInText":563,"OcrConfidence":1.0,"Text":"Hangar","VisualLineNumber":9},{"Box":[156.216,726.6472,9.8809,11.8157],"Polygon":[726.6472,156.216,736.5281,156.216,736.5281,168.0317,726.6472,168.0317],"IndexInText":570,"OcrConfidence":1.0,"Text":"89","VisualLineNumber":9},{"Box":[167.106,81.072,59.2855,11.3837],"Polygon":[81.072,167.106,140.3575,167.106,140.3575,178.4897,81.072,178.4897],"IndexInText":573,"OcrConfidence":1.0,"Text":"State/Region","VisualLineNumber":10},{"Box":[168.114,350.208,39.5237,11.3837],"Polygon":[350.208,168.114,389.7317,168.114,389.7317,179.4977,350.208,179.4977],"IndexInText":586,"OcrConfidence":1.0,"Text":"Location","VisualLineNumber":10},{"Box":[168.114,394.6721,19.7618,11.3837],"Polygon":[394.6721,168.114,414.4339,168.114,414.4339,179.4977,394.6721,179.4977],"IndexInText":595,"OcrConfidence":1.0,"Text":"Code","VisualLineNumber":10},{"Box":[167.106,666.288,19.7619,11.3837],"Polygon":[666.288,167.106,686.0499,167.106,686.0499,178.4897,666.288,178.4897],"IndexInText":600,"OcrConfidence":1.0,"Text":"City","VisualLineNumber":10},{"Box":[166.728,692.064,24.7023,11.8157],"Polygon":[692.064,166.728,716.7663,166.728,716.7663,178.5437,692.064,178.5437],"IndexInText":605,"OcrConfidence":1.0,"Text":"Luton","VisualLineNumber":10},{"Box":[177.618,66.24,49.4046,11.3837],"Polygon":[66.24,177.618,115.6446,177.618,115.6446,189.0017,66.24,189.0017],"IndexInText":611,"OcrConfidence":1.0,"Text":"Zip/Postal","VisualLineNumber":11},{"Box":[177.618,120.585,19.7618,11.3837],"Polygon":[120.585,177.618,140.3468,177.618,140.3468,189.0017,120.585,189.0017],"IndexInText":622,"OcrConfidence":1.0,"Text":"Code","VisualLineNumber":11},{"Box":[177.24,146.448,24.7023,11.8157],"Polygon":[146.448,177.24,171.1503,177.24,171.1503,189.0557,146.448,189.0557],"IndexInText":627,"OcrConfidence":1.0,"Text":"95722","VisualLineNumber":11},{"Box":[178.626,335.304,54.345,11.3837],"Polygon":[335.304,178.626,389.649,178.626,389.649,190.0097,335.304,190.0097],"IndexInText":633,"OcrConfidence":1.0,"Text":"Transmitter","VisualLineNumber":11},{"Box":[178.626,394.5894,19.7619,11.3837],"Polygon":[394.5894,178.626,414.3513,178.626,414.3513,190.0097,394.5894,190.0097],"IndexInText":645,"OcrConfidence":1.0,"Text":"Code","VisualLineNumber":11},{"Box":[178.248,420.48,29.6428,11.8157],"Polygon":[420.48,178.248,450.1228,178.248,450.1228,190.0637,420.48,190.0637],"IndexInText":650,"OcrConfidence":1.0,"Text":"XB-Q08","VisualLineNumber":11},{"Box":[177.618,626.688,59.2855,11.3837],"Polygon":[626.688,177.618,685.9735,177.618,685.9735,189.0017,626.688,189.0017],"IndexInText":657,"OcrConfidence":1.0,"Text":"State/Region","VisualLineNumber":11},{"Box":[177.24,692.064,59.2855,11.8157],"Polygon":[692.064,177.24,751.3495,177.24,751.3495,189.0557,692.064,189.0557],"IndexInText":670,"OcrConfidence":1.0,"Text":"Bedfordshire","VisualLineNumber":11},{"Box":[188.13,105.84,34.5832,11.3837],"Polygon":[105.84,188.13,140.4232,188.13,140.4232,199.5137,105.84,199.5137],"IndexInText":683,"OcrConfidence":1.0,"Text":"Country","VisualLineNumber":12},{"Box":[187.752,146.448,29.6428,11.8157],"Polygon":[146.448,187.752,176.0908,187.752,176.0908,199.5677,146.448,199.5677],"IndexInText":691,"OcrConfidence":1.0,"Text":"FRANCE","VisualLineNumber":12},{"Box":[189.138,335.304,54.345,11.3837],"Polygon":[335.304,189.138,389.649,189.138,389.649,200.5217,335.304,200.5217],"IndexInText":698,"OcrConfidence":1.0,"Text":"Transmitter","VisualLineNumber":12},{"Box":[189.138,394.5894,19.7619,11.3837],"Polygon":[394.5894,189.138,414.3513,189.138,414.3513,200.5217,394.5894,200.5217],"IndexInText":710,"OcrConfidence":1.0,"Text":"Name","VisualLineNumber":12},{"Box":[188.76,420.48,29.6428,11.8157],"Polygon":[420.48,188.76,450.1228,188.76,450.1228,200.5757,420.48,200.5757],"IndexInText":715,"OcrConfidence":1.0,"Text":"GROUPE","VisualLineNumber":12},{"Box":[188.76,455.0632,29.6427,11.8157],"Polygon":[455.0632,188.76,484.7059,188.76,484.7059,200.5757,455.0632,200.5757],"IndexInText":722,"OcrConfidence":1.0,"Text":"EUROPE","VisualLineNumber":12},{"Box":[188.76,489.6463,39.5237,11.8157],"Polygon":[489.6463,188.76,529.17,188.76,529.17,200.5757,489.6463,200.5757],"IndexInText":729,"OcrConfidence":1.0,"Text":"HANDLING","VisualLineNumber":12},{"Box":[188.13,611.856,49.4046,11.3837],"Polygon":[611.856,188.13,661.2606,188.13,661.2606,199.5137,611.856,199.5137],"IndexInText":738,"OcrConfidence":1.0,"Text":"Zip/Postal","VisualLineNumber":12},{"Box":[188.13,666.201,19.7618,11.3837],"Polygon":[666.201,188.13,685.9628,188.13,685.9628,199.5137,666.201,199.5137],"IndexInText":749,"OcrConfidence":1.0,"Text":"Code","VisualLineNumber":12},{"Box":[187.752,692.064,14.8214,11.8157],"Polygon":[692.064,187.752,706.8854,187.752,706.8854,199.5677,692.064,199.5677],"IndexInText":754,"OcrConfidence":1.0,"Text":"LU2","VisualLineNumber":12},{"Box":[187.752,711.8258,14.8214,11.8157],"Polygon":[711.8258,187.752,726.6472,187.752,726.6472,199.5677,711.8258,199.5677],"IndexInText":758,"OcrConfidence":1.0,"Text":"9PF","VisualLineNumber":12},{"Box":[198.642,31.608,34.5832,11.3837],"Polygon":[31.608,198.642,66.1912,198.642,66.1912,210.0257,31.608,210.0257],"IndexInText":762,"OcrConfidence":1.0,"Text":"Tax/VAT","VisualLineNumber":13},{"Box":[198.642,71.1316,59.2855,11.3837],"Polygon":[71.1316,198.642,130.4171,198.642,130.4171,210.0257,71.1316,210.0257],"IndexInText":770,"OcrConfidence":1.0,"Text":"Registration","VisualLineNumber":13},{"Box":[198.642,135.3575,4.9405,11.3837],"Polygon":[135.3575,198.642,140.298,198.642,140.298,210.0257,135.3575,210.0257],"IndexInText":783,"OcrConfidence":1.0,"Text":"#","VisualLineNumber":13},{"Box":[198.264,146.448,64.2259,11.8157],"Polygon":[146.448,198.264,210.6739,198.264,210.6739,210.0797,146.448,210.0797],"IndexInText":785,"OcrConfidence":1.0,"Text":"FR06401144274","VisualLineNumber":13},{"Box":[199.65,360.072,54.345,11.3837],"Polygon":[360.072,199.65,414.417,199.65,414.417,211.0337,360.072,211.0337],"IndexInText":799,"OcrConfidence":1.0,"Text":"Attachments","VisualLineNumber":13},{"Box":[199.272,420.48,9.881,11.8157],"Polygon":[420.48,199.272,430.361,199.272,430.361,211.0877,420.48,211.0877],"IndexInText":811,"OcrConfidence":1.0,"Text":"No","VisualLineNumber":13},{"Box":[198.642,651.456,34.5832,11.3837],"Polygon":[651.456,198.642,686.0392,198.642,686.0392,210.0257,651.456,210.0257],"IndexInText":814,"OcrConfidence":1.0,"Text":"Country","VisualLineNumber":13},{"Box":[198.264,692.064,29.6428,11.8157],"Polygon":[692.064,198.264,721.7068,198.264,721.7068,210.0797,692.064,210.0797],"IndexInText":822,"OcrConfidence":1.0,"Text":"UNITED","VisualLineNumber":13},{"Box":[198.264,726.6472,34.5832,11.8157],"Polygon":[726.6472,198.264,761.2304,198.264,761.2304,210.0797,726.6472,210.0797],"IndexInText":829,"OcrConfidence":1.0,"Text":"KINGDOM","VisualLineNumber":13},{"Box":[209.154,31.608,34.5832,11.3837],"Polygon":[31.608,209.154,66.1912,209.154,66.1912,220.5377,31.608,220.5377],"IndexInText":837,"OcrConfidence":1.0,"Text":"Company","VisualLineNumber":14},{"Box":[209.154,71.1316,59.2855,11.3837],"Polygon":[71.1316,209.154,130.4171,209.154,130.4171,220.5377,71.1316,220.5377],"IndexInText":845,"OcrConfidence":1.0,"Text":"Registration","VisualLineNumber":14},{"Box":[209.154,135.3575,4.9405,11.3837],"Polygon":[135.3575,209.154,140.298,209.154,140.298,220.5377,135.3575,220.5377],"IndexInText":858,"OcrConfidence":1.0,"Text":"#","VisualLineNumber":14},{"Box":[208.776,146.448,14.8214,11.8157],"Polygon":[146.448,208.776,161.2694,208.776,161.2694,220.5917,146.448,220.5917],"IndexInText":860,"OcrConfidence":1.0,"Text":"RCS","VisualLineNumber":14},{"Box":[208.776,166.2098,44.4641,11.8157],"Polygon":[166.2098,208.776,210.6739,208.776,210.6739,220.5917,166.2098,220.5917],"IndexInText":864,"OcrConfidence":1.0,"Text":"401144274","VisualLineNumber":14},{"Box":[210.162,330.408,19.7619,11.3837],"Polygon":[330.408,210.162,350.1699,210.162,350.1699,221.5457,330.408,221.5457],"IndexInText":874,"OcrConfidence":1.0,"Text":"Line","VisualLineNumber":14},{"Box":[210.162,355.1103,19.7618,11.3837],"Polygon":[355.1103,210.162,374.8721,210.162,374.8721,221.5457,355.1103,221.5457],"IndexInText":879,"OcrConfidence":1.0,"Text":"Item","VisualLineNumber":14},{"Box":[210.162,379.8125,34.5832,11.3837],"Polygon":[379.8125,210.162,414.3957,210.162,414.3957,221.5457,379.8125,221.5457],"IndexInText":884,"OcrConfidence":1.0,"Text":"Details","VisualLineNumber":14},{"Box":[209.784,420.48,14.8214,11.8157],"Polygon":[420.48,209.784,435.3014,209.784,435.3014,221.5997,420.48,221.5997],"IndexInText":892,"OcrConfidence":1.0,"Text":"Yes","VisualLineNumber":14},{"Box":[209.154,577.224,34.5832,11.3837],"Polygon":[577.224,209.154,611.8072,209.154,611.8072,220.5377,577.224,220.5377],"IndexInText":896,"OcrConfidence":1.0,"Text":"Tax/VAT","VisualLineNumber":14},{"Box":[209.154,616.7476,59.2855,11.3837],"Polygon":[616.7476,209.154,676.0331,209.154,676.0331,220.5377,616.7476,220.5377],"IndexInText":904,"OcrConfidence":1.0,"Text":"Registration","VisualLineNumber":14},{"Box":[209.154,680.9735,4.9405,11.3837],"Polygon":[680.9735,209.154,685.914,209.154,685.914,220.5377,680.9735,220.5377],"IndexInText":917,"OcrConfidence":1.0,"Text":"#","VisualLineNumber":14},{"Box":[208.776,692.064,54.345,11.8157],"Polygon":[692.064,208.776,746.409,208.776,746.409,220.5917,692.064,220.5917],"IndexInText":919,"OcrConfidence":1.0,"Text":"GB745360825","VisualLineNumber":14},{"Box":[219.666,577.224,34.5832,11.3837],"Polygon":[577.224,219.666,611.8072,219.666,611.8072,231.0497,577.224,231.0497],"IndexInText":931,"OcrConfidence":1.0,"Text":"Company","VisualLineNumber":15},{"Box":[219.666,616.7476,59.2855,11.3837],"Polygon":[616.7476,219.666,676.0331,219.666,676.0331,231.0497,616.7476,231.0497],"IndexInText":939,"OcrConfidence":1.0,"Text":"Registration","VisualLineNumber":15},{"Box":[219.666,680.9735,4.9405,11.3837],"Polygon":[680.9735,219.666,685.914,219.666,685.914,231.0497,680.9735,231.0497],"IndexInText":952,"OcrConfidence":1.0,"Text":"#","VisualLineNumber":15}]},{"IndexInText":954,"Length":373,"Type":"TableRowEnd","Words":[{"Box":[231.816,9.72,29.6428,11.8157],"Polygon":[9.72,231.816,39.3628,231.816,39.3628,243.6317,9.72,243.6317],"IndexInText":954,"OcrConfidence":1.0,"Text":"Header","VisualLineNumber":16},{"Box":[231.816,44.3032,29.6427,11.8157],"Polygon":[44.3032,231.816,73.9459,231.816,73.9459,243.6317,44.3032,243.6317],"IndexInText":961,"OcrConfidence":1.0,"Text":"Notes:","VisualLineNumber":16},{"Box":[231.816,78.984,39.5237,11.8157],"Polygon":[78.984,231.816,118.5077,231.816,118.5077,243.6317,78.984,243.6317],"IndexInText":968,"OcrConfidence":1.0,"Text":"CEASYJET","VisualLineNumber":16},{"Box":[231.816,123.4481,14.8214,11.8157],"Polygon":[123.4481,231.816,138.2695,231.816,138.2695,243.6317,123.4481,243.6317],"IndexInText":977,"OcrConfidence":1.0,"Text":"CDG","VisualLineNumber":16},{"Box":[247.242,15.264,19.7619,11.3837],"Polygon":[15.264,247.242,35.0259,247.242,35.0259,258.6257,15.264,258.6257],"IndexInText":981,"OcrConfidence":1.0,"Text":"Line","VisualLineNumber":17},{"Box":[247.242,58.392,19.7619,11.3837],"Polygon":[58.392,247.242,78.1539,247.242,78.1539,258.6257,58.392,258.6257],"IndexInText":986,"OcrConfidence":1.0,"Text":"Date","VisualLineNumber":17},{"Box":[247.242,83.0943,9.8809,11.3837],"Polygon":[83.0943,247.242,92.9752,247.242,92.9752,258.6257,83.0943,258.6257],"IndexInText":991,"OcrConfidence":1.0,"Text":"of","VisualLineNumber":17},{"Box":[247.242,113.544,29.6428,11.3837],"Polygon":[113.544,247.242,143.1868,247.242,143.1868,258.6257,113.544,258.6257],"IndexInText":994,"OcrConfidence":1.0,"Text":"Charge","VisualLineNumber":17},{"Box":[247.242,149.472,19.7619,11.3837],"Polygon":[149.472,247.242,169.2339,247.242,169.2339,258.6257,149.472,258.6257],"IndexInText":1001,"OcrConfidence":1.0,"Text":"Loc.","VisualLineNumber":17},{"Box":[247.242,463.608,19.7619,11.3837],"Polygon":[463.608,247.242,483.3699,247.242,483.3699,258.6257,463.608,258.6257],"IndexInText":1006,"OcrConfidence":1.0,"Text":"Unit","VisualLineNumber":17},{"Box":[247.242,540.504,19.7619,11.3837],"Polygon":[540.504,247.242,560.2659,247.242,560.2659,258.6257,540.504,258.6257],"IndexInText":1011,"OcrConfidence":1.0,"Text":"Base","VisualLineNumber":17},{"Box":[247.242,596.952,49.4046,11.3837],"Polygon":[596.952,247.242,646.3566,247.242,646.3566,258.6257,596.952,258.6257],"IndexInText":1016,"OcrConfidence":1.0,"Text":"Additional","VisualLineNumber":17},{"Box":[247.242,781.128,19.7619,11.3837],"Polygon":[781.128,247.242,800.8899,247.242,800.8899,258.6257,781.128,258.6257],"IndexInText":1027,"OcrConfidence":1.0,"Text":"Line","VisualLineNumber":17},{"Box":[257.754,25.2,4.9405,11.3837],"Polygon":[25.2,257.754,30.1405,257.754,30.1405,269.1377,25.2,269.1377],"IndexInText":1032,"OcrConfidence":1.0,"Text":"#","VisualLineNumber":18},{"Box":[257.754,60.912,34.5832,11.3837],"Polygon":[60.912,257.754,95.4952,257.754,95.4952,269.1377,60.912,269.1377],"IndexInText":1034,"OcrConfidence":1.0,"Text":"Service","VisualLineNumber":18},{"Box":[257.754,120.96,19.7619,11.3837],"Polygon":[120.96,257.754,140.7219,257.754,140.7219,269.1377,120.96,269.1377],"IndexInText":1042,"OcrConfidence":1.0,"Text":"Code","VisualLineNumber":18},{"Box":[257.754,151.992,19.7619,11.3837],"Polygon":[151.992,257.754,171.7539,257.754,171.7539,269.1377,151.992,269.1377],"IndexInText":1047,"OcrConfidence":1.0,"Text":"Code","VisualLineNumber":18},{"Box":[257.754,176.832,34.5832,11.3837],"Polygon":[176.832,257.754,211.4152,257.754,211.4152,269.1377,176.832,269.1377],"IndexInText":1052,"OcrConfidence":1.0,"Text":"Product","VisualLineNumber":18},{"Box":[257.754,216.3556,9.881,11.3837],"Polygon":[216.3556,257.754,226.2366,257.754,226.2366,269.1377,216.3556,269.1377],"IndexInText":1060,"OcrConfidence":1.0,"Text":"Id","VisualLineNumber":18},{"Box":[257.754,268.92,54.345,11.3837],"Polygon":[268.92,257.754,323.265,257.754,323.265,269.1377,268.92,269.1377],"IndexInText":1063,"OcrConfidence":1.0,"Text":"Description","VisualLineNumber":18},{"Box":[257.754,367.2,39.5237,11.3837],"Polygon":[367.2,257.754,406.7237,257.754,406.7237,269.1377,367.2,269.1377],"IndexInText":1075,"OcrConfidence":1.0,"Text":"Quantity","VisualLineNumber":18},{"Box":[257.754,414.576,14.8214,11.3837],"Polygon":[414.576,257.754,429.3974,257.754,429.3974,269.1377,414.576,269.1377],"IndexInText":1084,"OcrConfidence":1.0,"Text":"UOM","VisualLineNumber":18},{"Box":[257.754,461.088,24.7023,11.3837],"Polygon":[461.088,257.754,485.7903,257.754,485.7903,269.1377,461.088,269.1377],"IndexInText":1088,"OcrConfidence":1.0,"Text":"Price","VisualLineNumber":18},{"Box":[257.754,535.536,29.6428,11.3837],"Polygon":[535.536,257.754,565.1788,257.754,565.1788,269.1377,535.536,269.1377],"IndexInText":1094,"OcrConfidence":1.0,"Text":"Amount","VisualLineNumber":18},{"Box":[257.754,609.336,29.6428,11.3837],"Polygon":[609.336,257.754,638.9788,257.754,638.9788,269.1377,609.336,269.1377],"IndexInText":1101,"OcrConfidence":1.0,"Text":"Amount","VisualLineNumber":18},{"Box":[257.754,674.928,14.8214,11.3837],"Polygon":[674.928,257.754,689.7494,257.754,689.7494,269.1377,674.928,269.1377],"IndexInText":1108,"OcrConfidence":1.0,"Text":"Tax","VisualLineNumber":18},{"Box":[257.754,722.664,14.8214,11.3837],"Polygon":[722.664,257.754,737.4854,257.754,737.4854,269.1377,722.664,269.1377],"IndexInText":1112,"OcrConfidence":1.0,"Text":"VAT","VisualLineNumber":18},{"Box":[257.754,776.16,29.6428,11.3837],"Polygon":[776.16,257.754,805.8028,257.754,805.8028,269.1377,776.16,269.1377],"IndexInText":1116,"OcrConfidence":1.0,"Text":"Amount","VisualLineNumber":18},{"Box":[271.2,23.184,4.9405,11.8157],"Polygon":[23.184,271.2,28.1245,271.2,28.1245,283.0157,23.184,283.0157],"IndexInText":1123,"OcrConfidence":1.0,"Text":"1","VisualLineNumber":19},{"Box":[271.2,53.496,49.4046,11.8157],"Polygon":[53.496,271.2,102.9006,271.2,102.9006,283.0157,53.496,283.0157],"IndexInText":1125,"OcrConfidence":1.0,"Text":"2022-06-01","VisualLineNumber":19},{"Box":[271.2,118.44,19.7619,11.8157],"Polygon":[118.44,271.2,138.2019,271.2,138.2019,283.0157,118.44,283.0157],"IndexInText":1136,"OcrConfidence":1.0,"Text":"Misc","VisualLineNumber":19},{"Box":[271.2,154.44,14.8214,11.8157],"Polygon":[154.44,271.2,169.2614,271.2,169.2614,283.0157,154.44,283.0157],"IndexInText":1141,"OcrConfidence":1.0,"Text":"CDG","VisualLineNumber":19},{"Box":[271.2,228.312,24.7023,11.8157],"Polygon":[228.312,271.2,253.0143,271.2,253.0143,283.0157,228.312,283.0157],"IndexInText":1145,"OcrConfidence":1.0,"Text":"3.6.2","VisualLineNumber":19},{"Box":[271.2,257.9547,14.8214,11.8157],"Polygon":[257.9547,271.2,272.7761,271.2,272.7761,283.0157,257.9547,283.0157],"IndexInText":1151,"OcrConfidence":1.0,"Text":"(2)","VisualLineNumber":19},{"Box":[271.2,277.7165,4.9405,11.8157],"Polygon":[277.7165,271.2,282.657,271.2,282.657,283.0157,277.7165,283.0157],"IndexInText":1155,"OcrConfidence":1.0,"Text":"-","VisualLineNumber":19},{"Box":[271.2,287.5974,19.7619,11.8157],"Polygon":[287.5974,271.2,307.3593,271.2,307.3593,283.0157,287.5974,283.0157],"IndexInText":1157,"OcrConfidence":1.0,"Text":"CREW","VisualLineNumber":19},{"Box":[271.2,312.2997,44.4641,11.8157],"Polygon":[312.2997,271.2,356.7638,271.2,356.7638,283.0157,312.2997,283.0157],"IndexInText":1162,"OcrConfidence":1.0,"Text":"TRANSPORT","VisualLineNumber":19},{"Box":[271.2,379.08,14.8214,11.8157],"Polygon":[379.08,271.2,393.9014,271.2,393.9014,283.0157,379.08,283.0157],"IndexInText":1172,"OcrConfidence":1.0,"Text":"130","VisualLineNumber":19},{"Box":[271.2,417.096,9.881,11.8157],"Polygon":[417.096,271.2,426.977,271.2,426.977,283.0157,417.096,283.0157],"IndexInText":1176,"OcrConfidence":1.0,"Text":"EA","VisualLineNumber":19},{"Box":[271.2,485.28,24.7023,11.8157],"Polygon":[485.28,271.2,509.9823,271.2,509.9823,283.0157,485.28,283.0157],"IndexInText":1179,"OcrConfidence":1.0,"Text":"49.00","VisualLineNumber":19},{"Box":[271.2,547.128,39.5237,11.8157],"Polygon":[547.128,271.2,586.6517,271.2,586.6517,283.0157,547.128,283.0157],"IndexInText":1185,"OcrConfidence":1.0,"Text":"6,370.00","VisualLineNumber":19},{"Box":[271.2,637.848,19.7619,11.8157],"Polygon":[637.848,271.2,657.6099,271.2,657.6099,283.0157,637.848,283.0157],"IndexInText":1194,"OcrConfidence":1.0,"Text":"0.00","VisualLineNumber":19},{"Box":[271.2,683.352,19.7619,11.8157],"Polygon":[683.352,271.2,703.1139,271.2,703.1139,283.0157,683.352,283.0157],"IndexInText":1199,"OcrConfidence":1.0,"Text":"0.00","VisualLineNumber":19},{"Box":[271.2,733.32,19.7619,11.8157],"Polygon":[733.32,271.2,753.0819,271.2,753.0819,283.0157,733.32,283.0157],"IndexInText":1204,"OcrConfidence":1.0,"Text":"0.00","VisualLineNumber":19},{"Box":[271.2,785.304,39.5237,11.8157],"Polygon":[785.304,271.2,824.8277,271.2,824.8277,283.0157,785.304,283.0157],"IndexInText":1209,"OcrConfidence":1.0,"Text":"6,370.00","VisualLineNumber":19},{"Box":[283.152,228.312,24.7023,11.8157],"Polygon":[228.312,283.152,253.0143,283.152,253.0143,294.9677,228.312,294.9677],"IndexInText":1218,"OcrConfidence":1.0,"Text":"3.6.2","VisualLineNumber":20},{"Box":[283.152,257.9547,14.8214,11.8157],"Polygon":[257.9547,283.152,272.7761,283.152,272.7761,294.9677,257.9547,294.9677],"IndexInText":1224,"OcrConfidence":1.0,"Text":"(2)","VisualLineNumber":20},{"Box":[283.152,277.7165,4.9405,11.8157],"Polygon":[277.7165,283.152,282.657,283.152,282.657,294.9677,277.7165,294.9677],"IndexInText":1228,"OcrConfidence":1.0,"Text":"-","VisualLineNumber":20},{"Box":[283.152,287.5974,19.7619,11.8157],"Polygon":[287.5974,283.152,307.3593,283.152,307.3593,294.9677,287.5974,294.9677],"IndexInText":1230,"OcrConfidence":1.0,"Text":"CREW","VisualLineNumber":20},{"Box":[283.152,312.2997,44.4641,11.8157],"Polygon":[312.2997,283.152,356.7638,283.152,356.7638,294.9677,312.2997,294.9677],"IndexInText":1235,"OcrConfidence":1.0,"Text":"TRANSPORT","VisualLineNumber":20},{"Box":[288.408,23.184,4.9405,11.8157],"Polygon":[23.184,288.408,28.1245,288.408,28.1245,300.2237,23.184,300.2237],"IndexInText":1245,"OcrConfidence":1.0,"Text":"2","VisualLineNumber":21},{"Box":[288.408,53.496,49.4046,11.8157],"Polygon":[53.496,288.408,102.9006,288.408,102.9006,300.2237,53.496,300.2237],"IndexInText":1247,"OcrConfidence":1.0,"Text":"2022-06-01","VisualLineNumber":21},{"Box":[288.408,118.44,19.7619,11.8157],"Polygon":[118.44,288.408,138.2019,288.408,138.2019,300.2237,118.44,300.2237],"IndexInText":1258,"OcrConfidence":1.0,"Text":"Misc","VisualLineNumber":21},{"Box":[288.408,154.44,14.8214,11.8157],"Polygon":[154.44,288.408,169.2614,288.408,169.2614,300.2237,154.44,300.2237],"IndexInText":1263,"OcrConfidence":1.0,"Text":"CDG","VisualLineNumber":21},{"Box":[288.408,381.6,9.881,11.8157],"Polygon":[381.6,288.408,391.481,288.408,391.481,300.2237,381.6,300.2237],"IndexInText":1267,"OcrConfidence":1.0,"Text":"99","VisualLineNumber":21},{"Box":[288.408,417.096,9.881,11.8157],"Polygon":[417.096,288.408,426.977,288.408,426.977,300.2237,417.096,300.2237],"IndexInText":1270,"OcrConfidence":1.0,"Text":"EA","VisualLineNumber":21},{"Box":[288.408,485.28,24.7023,11.8157],"Polygon":[485.28,288.408,509.9823,288.408,509.9823,300.2237,485.28,300.2237],"IndexInText":1273,"OcrConfidence":1.0,"Text":"58.80","VisualLineNumber":21},{"Box":[288.408,547.128,39.5237,11.8157],"Polygon":[547.128,288.408,586.6517,288.408,586.6517,300.2237,547.128,300.2237],"IndexInText":1279,"OcrConfidence":1.0,"Text":"5,821.20","VisualLineNumber":21},{"Box":[288.408,637.848,19.7619,11.8157],"Polygon":[637.848,288.408,657.6099,288.408,657.6099,300.2237,637.848,300.2237],"IndexInText":1288,"OcrConfidence":1.0,"Text":"0.00","VisualLineNumber":21},{"Box":[288.408,683.352,19.7619,11.8157],"Polygon":[683.352,288.408,703.1139,288.408,703.1139,300.2237,683.352,300.2237],"IndexInText":1293,"OcrConfidence":1.0,"Text":"0.00","VisualLineNumber":21},{"Box":[288.408,733.32,19.7619,11.8157],"Polygon":[733.32,288.408,753.0819,288.408,753.0819,300.2237,733.32,300.2237],"IndexInText":1298,"OcrConfidence":1.0,"Text":"0.00","VisualLineNumber":21},{"Box":[288.408,785.304,39.5237,11.8157],"Polygon":[785.304,288.408,824.8277,288.408,824.8277,300.2237,785.304,300.2237],"IndexInText":1303,"OcrConfidence":1.0,"Text":"5,821.20","VisualLineNumber":21},{"Box":[293.664,228.312,24.7023,11.8157],"Polygon":[228.312,293.664,253.0143,293.664,253.0143,305.4797,228.312,305.4797],"IndexInText":1312,"OcrConfidence":1.0,"Text":"NIGHT","VisualLineNumber":21},{"Box":[293.664,257.9547,44.4641,11.8157],"Polygon":[257.9547,293.664,302.4188,293.664,302.4188,305.4797,257.9547,305.4797],"IndexInText":1318,"OcrConfidence":1.0,"Text":"SURCHARGE","VisualLineNumber":21}]},{"IndexInText":1664,"Length":384,"Type":"TableRowEnd","Words":[{"Box":[306.21,416.16,19.7619,11.3837],"Polygon":[416.16,306.21,435.9219,306.21,435.9219,317.5937,416.16,317.5937],"IndexInText":1664,"OcrConfidence":1.0,"Text":"Line","VisualLineNumber":22},{"Box":[306.21,440.8623,19.7618,11.3837],"Polygon":[440.8623,306.21,460.6241,306.21,460.6241,317.5937,440.8623,317.5937],"IndexInText":1669,"OcrConfidence":1.0,"Text":"Item","VisualLineNumber":22},{"Box":[306.21,465.5645,14.8214,11.3837],"Polygon":[465.5645,306.21,480.3859,306.21,480.3859,317.5937,465.5645,317.5937],"IndexInText":1674,"OcrConfidence":1.0,"Text":"Sub","VisualLineNumber":22},{"Box":[306.21,485.3263,24.7023,11.3837],"Polygon":[485.3263,306.21,510.0286,306.21,510.0286,317.5937,485.3263,317.5937],"IndexInText":1678,"OcrConfidence":1.0,"Text":"Total","VisualLineNumber":22},{"Box":[306.21,536.904,44.4641,11.3837],"Polygon":[536.904,306.21,581.3681,306.21,581.3681,317.5937,536.904,317.5937],"IndexInText":1684,"OcrConfidence":1.0,"Text":"12,191.20","VisualLineNumber":22},{"Box":[306.21,638.64,19.7619,11.3837],"Polygon":[638.64,306.21,658.4019,306.21,658.4019,317.5937,638.64,317.5937],"IndexInText":1694,"OcrConfidence":1.0,"Text":"0.00","VisualLineNumber":22},{"Box":[306.21,684.432,19.7619,11.3837],"Polygon":[684.432,306.21,704.1939,306.21,704.1939,317.5937,684.432,317.5937],"IndexInText":1699,"OcrConfidence":1.0,"Text":"0.00","VisualLineNumber":22},{"Box":[306.21,734.688,19.7619,11.3837],"Polygon":[734.688,306.21,754.4499,306.21,754.4499,317.5937,734.688,317.5937],"IndexInText":1704,"OcrConfidence":1.0,"Text":"0.00","VisualLineNumber":22},{"Box":[321.618,391.464,34.5832,11.3837],"Polygon":[391.464,321.618,426.0472,321.618,426.0472,333.0017,391.464,333.0017],"IndexInText":1709,"OcrConfidence":1.0,"Text":"Invoice","VisualLineNumber":23},{"Box":[321.618,430.9876,29.6428,11.3837],"Polygon":[430.9876,321.618,460.6304,321.618,460.6304,333.0017,430.9876,333.0017],"IndexInText":1717,"OcrConfidence":1.0,"Text":"Header","VisualLineNumber":23},{"Box":[321.618,465.5708,14.8214,11.3837],"Polygon":[465.5708,321.618,480.3922,321.618,480.3922,333.0017,465.5708,333.0017],"IndexInText":1724,"OcrConfidence":1.0,"Text":"Sub","VisualLineNumber":23},{"Box":[321.618,485.3326,24.7023,11.3837],"Polygon":[485.3326,321.618,510.0349,321.618,510.0349,333.0017,485.3326,333.0017],"IndexInText":1728,"OcrConfidence":1.0,"Text":"Total","VisualLineNumber":23},{"Box":[321.618,638.64,19.7619,11.3837],"Polygon":[638.64,321.618,658.4019,321.618,658.4019,333.0017,638.64,333.0017],"IndexInText":1734,"OcrConfidence":1.0,"Text":"0.00","VisualLineNumber":23},{"Box":[321.618,684.432,19.7619,11.3837],"Polygon":[684.432,321.618,704.1939,321.618,704.1939,333.0017,684.432,333.0017],"IndexInText":1739,"OcrConfidence":1.0,"Text":"0.00","VisualLineNumber":23},{"Box":[321.618,734.688,19.7619,11.3837],"Polygon":[734.688,321.618,754.4499,321.618,754.4499,333.0017,734.688,333.0017],"IndexInText":1744,"OcrConfidence":1.0,"Text":"0.00","VisualLineNumber":23},{"Box":[338.61,386.496,24.7023,11.3837],"Polygon":[386.496,338.61,411.1983,338.61,411.1983,349.9937,386.496,349.9937],"IndexInText":1749,"OcrConfidence":1.0,"Text":"Total","VisualLineNumber":24},{"Box":[338.61,416.1387,34.5832,11.3837],"Polygon":[416.1387,338.61,450.7219,338.61,450.7219,349.9937,416.1387,349.9937],"IndexInText":1755,"OcrConfidence":1.0,"Text":"Invoice","VisualLineNumber":24},{"Box":[338.61,455.6623,19.7619,11.3837],"Polygon":[455.6623,338.61,475.4242,338.61,475.4242,349.9937,455.6623,349.9937],"IndexInText":1763,"OcrConfidence":1.0,"Text":"Base","VisualLineNumber":24},{"Box":[338.61,480.3646,29.6427,11.3837],"Polygon":[480.3646,338.61,510.0073,338.61,510.0073,349.9937,480.3646,349.9937],"IndexInText":1768,"OcrConfidence":1.0,"Text":"Amount","VisualLineNumber":24},{"Box":[338.61,781.2,44.4641,11.3837],"Polygon":[781.2,338.61,825.6641,338.61,825.6641,349.9937,781.2,349.9937],"IndexInText":1775,"OcrConfidence":1.0,"Text":"12,191.20","VisualLineNumber":24},{"Box":[355.674,356.832,24.7023,11.3837],"Polygon":[356.832,355.674,381.5343,355.674,381.5343,367.0577,356.832,367.0577],"IndexInText":1785,"OcrConfidence":1.0,"Text":"Total","VisualLineNumber":25},{"Box":[355.674,386.4747,34.5832,11.3837],"Polygon":[386.4747,355.674,421.0579,355.674,421.0579,367.0577,386.4747,367.0577],"IndexInText":1791,"OcrConfidence":1.0,"Text":"Invoice","VisualLineNumber":25},{"Box":[355.674,425.9983,49.4046,11.3837],"Polygon":[425.9983,355.674,475.4029,355.674,475.4029,367.0577,425.9983,367.0577],"IndexInText":1799,"OcrConfidence":1.0,"Text":"Additional","VisualLineNumber":25},{"Box":[355.674,480.3433,29.6427,11.3837],"Polygon":[480.3433,355.674,509.986,355.674,509.986,367.0577,480.3433,367.0577],"IndexInText":1810,"OcrConfidence":1.0,"Text":"Amount","VisualLineNumber":25},{"Box":[355.674,805.968,19.7619,11.3837],"Polygon":[805.968,355.674,825.7299,355.674,825.7299,367.0577,805.968,367.0577],"IndexInText":1817,"OcrConfidence":1.0,"Text":"0.00","VisualLineNumber":25},{"Box":[372.666,391.464,24.7023,11.3837],"Polygon":[391.464,372.666,416.1663,372.666,416.1663,384.0497,391.464,384.0497],"IndexInText":1822,"OcrConfidence":1.0,"Text":"Total","VisualLineNumber":26},{"Box":[372.666,421.1067,34.5832,11.3837],"Polygon":[421.1067,372.666,455.6899,372.666,455.6899,384.0497,421.1067,384.0497],"IndexInText":1828,"OcrConfidence":1.0,"Text":"Invoice","VisualLineNumber":26},{"Box":[372.666,460.6303,14.8214,11.3837],"Polygon":[460.6303,372.666,475.4517,372.666,475.4517,384.0497,460.6303,384.0497],"IndexInText":1836,"OcrConfidence":1.0,"Text":"Tax","VisualLineNumber":26},{"Box":[372.666,480.3921,29.6428,11.3837],"Polygon":[480.3921,372.666,510.0349,372.666,510.0349,384.0497,480.3921,384.0497],"IndexInText":1840,"OcrConfidence":1.0,"Text":"Amount","VisualLineNumber":26},{"Box":[372.666,805.968,19.7619,11.3837],"Polygon":[805.968,372.666,825.7299,372.666,825.7299,384.0497,805.968,384.0497],"IndexInText":1847,"OcrConfidence":1.0,"Text":"0.00","VisualLineNumber":26},{"Box":[389.658,391.464,24.7023,11.3837],"Polygon":[391.464,389.658,416.1663,389.658,416.1663,401.0417,391.464,401.0417],"IndexInText":1852,"OcrConfidence":1.0,"Text":"Total","VisualLineNumber":27},{"Box":[389.658,421.1067,34.5832,11.3837],"Polygon":[421.1067,389.658,455.6899,389.658,455.6899,401.0417,421.1067,401.0417],"IndexInText":1858,"OcrConfidence":1.0,"Text":"Invoice","VisualLineNumber":27},{"Box":[389.658,460.6303,14.8214,11.3837],"Polygon":[460.6303,389.658,475.4517,389.658,475.4517,401.0417,460.6303,401.0417],"IndexInText":1866,"OcrConfidence":1.0,"Text":"VAT","VisualLineNumber":27},{"Box":[389.658,480.3921,29.6428,11.3837],"Polygon":[480.3921,389.658,510.0349,389.658,510.0349,401.0417,480.3921,401.0417],"IndexInText":1870,"OcrConfidence":1.0,"Text":"Amount","VisualLineNumber":27},{"Box":[389.658,805.968,19.7619,11.3837],"Polygon":[805.968,389.658,825.7299,389.658,825.7299,401.0417,805.968,401.0417],"IndexInText":1877,"OcrConfidence":1.0,"Text":"0.00","VisualLineNumber":27},{"Box":[410.178,351.864,24.7023,11.3837],"Polygon":[351.864,410.178,376.5663,410.178,376.5663,421.5617,351.864,421.5617],"IndexInText":1882,"OcrConfidence":1.0,"Text":"Total","VisualLineNumber":28},{"Box":[410.178,381.5067,14.8214,11.3837],"Polygon":[381.5067,410.178,396.3281,410.178,396.3281,421.5617,381.5067,421.5617],"IndexInText":1888,"OcrConfidence":1.0,"Text":"Due","VisualLineNumber":28},{"Box":[410.178,401.2685,9.881,11.3837],"Polygon":[401.2685,410.178,411.1495,410.178,411.1495,421.5617,401.2685,421.5617],"IndexInText":1892,"OcrConfidence":1.0,"Text":"in","VisualLineNumber":28},{"Box":[410.178,416.0899,39.5236,11.3837],"Polygon":[416.0899,410.178,455.6135,410.178,455.6135,421.5617,416.0899,421.5617],"IndexInText":1895,"OcrConfidence":1.0,"Text":"Currency","VisualLineNumber":28},{"Box":[410.178,460.5539,9.881,11.3837],"Polygon":[460.5539,410.178,470.4349,410.178,470.4349,421.5617,460.5539,421.5617],"IndexInText":1904,"OcrConfidence":1.0,"Text":"of","VisualLineNumber":28},{"Box":[410.178,475.3753,34.5832,11.3837],"Polygon":[475.3753,410.178,509.9585,410.178,509.9585,421.5617,475.3753,421.5617],"IndexInText":1907,"OcrConfidence":1.0,"Text":"Billing","VisualLineNumber":28},{"Box":[410.178,689.4,14.8214,11.3837],"Polygon":[689.4,410.178,704.2214,410.178,704.2214,421.5617,689.4,421.5617],"IndexInText":1915,"OcrConfidence":1.0,"Text":"EUR","VisualLineNumber":28},{"Box":[410.178,781.2,44.4641,11.3837],"Polygon":[781.2,410.178,825.6641,410.178,825.6641,421.5617,781.2,421.5617],"IndexInText":1919,"OcrConfidence":1.0,"Text":"12,191.20","VisualLineNumber":28},{"Box":[428.394,77.832,14.8214,11.3837],"Polygon":[77.832,428.394,92.6534,428.394,92.6534,439.7777,77.832,439.7777],"IndexInText":1929,"OcrConfidence":1.0,"Text":"VAT","VisualLineNumber":29},{"Box":[428.394,97.5938,44.4641,11.3837],"Polygon":[97.5938,428.394,142.0579,428.394,142.0579,439.7777,97.5938,439.7777],"IndexInText":1933,"OcrConfidence":1.0,"Text":"Breakdown","VisualLineNumber":29},{"Box":[428.394,213.192,24.7023,11.3837],"Polygon":[213.192,428.394,237.8943,428.394,237.8943,439.7777,213.192,439.7777],"IndexInText":1943,"OcrConfidence":1.0,"Text":"Label","VisualLineNumber":29},{"Box":[428.394,328.32,14.8214,11.3837],"Polygon":[328.32,428.394,343.1414,428.394,343.1414,439.7777,328.32,439.7777],"IndexInText":1949,"OcrConfidence":1.0,"Text":"VAT","VisualLineNumber":29},{"Box":[428.394,348.0818,19.7619,11.3837],"Polygon":[348.0818,428.394,367.8437,428.394,367.8437,439.7777,348.0818,439.7777],"IndexInText":1953,"OcrConfidence":1.0,"Text":"Text","VisualLineNumber":29},{"Box":[428.394,587.52,19.7619,11.3837],"Polygon":[587.52,428.394,607.2819,428.394,607.2819,439.7777,587.52,439.7777],"IndexInText":1958,"OcrConfidence":1.0,"Text":"Base","VisualLineNumber":29},{"Box":[428.394,612.2223,29.6427,11.3837],"Polygon":[612.2223,428.394,641.865,428.394,641.865,439.7777,612.2223,439.7777],"IndexInText":1963,"OcrConfidence":1.0,"Text":"Amount","VisualLineNumber":29},{"Box":[428.394,680.04,14.8214,11.3837],"Polygon":[680.04,428.394,694.8614,428.394,694.8614,439.7777,680.04,439.7777],"IndexInText":1970,"OcrConfidence":1.0,"Text":"VAT","VisualLineNumber":29},{"Box":[428.394,699.8018,19.7619,11.3837],"Polygon":[699.8018,428.394,719.5637,428.394,719.5637,439.7777,699.8018,439.7777],"IndexInText":1974,"OcrConfidence":1.0,"Text":"Rate","VisualLineNumber":29},{"Box":[428.394,753.912,14.8214,11.3837],"Polygon":[753.912,428.394,768.7334,428.394,768.7334,439.7777,753.912,439.7777],"IndexInText":1979,"OcrConfidence":1.0,"Text":"VAT","VisualLineNumber":29},{"Box":[428.394,773.6738,29.6428,11.3837],"Polygon":[773.6738,428.394,803.3166,428.394,803.3166,439.7777,773.6738,439.7777],"IndexInText":1983,"OcrConfidence":1.0,"Text":"Amount","VisualLineNumber":29},{"Box":[443.784,213.192,14.8214,11.8157],"Polygon":[213.192,443.784,228.0134,443.784,228.0134,455.5997,213.192,455.5997],"IndexInText":1990,"OcrConfidence":1.0,"Text":"VAT","VisualLineNumber":30},{"Box":[443.784,232.9538,29.6428,11.8157],"Polygon":[232.9538,443.784,262.5966,443.784,262.5966,455.5997,232.9538,455.5997],"IndexInText":1994,"OcrConfidence":1.0,"Text":"Exempt","VisualLineNumber":30},{"Box":[443.784,328.32,14.8214,11.8157],"Polygon":[328.32,443.784,343.1414,443.784,343.1414,455.5997,328.32,455.5997],"IndexInText":2001,"OcrConfidence":1.0,"Text":"VAT","VisualLineNumber":30},{"Box":[443.784,348.0818,59.2855,11.8157],"Polygon":[348.0818,443.784,407.3673,443.784,407.3673,455.5997,348.0818,455.5997],"IndexInText":2005,"OcrConfidence":1.0,"Text":"EXONERATION,","VisualLineNumber":30},{"Box":[443.784,412.3077,14.8214,11.8157],"Polygon":[412.3077,443.784,427.1291,443.784,427.1291,455.5997,412.3077,455.5997],"IndexInText":2018,"OcrConfidence":1.0,"Text":"art","VisualLineNumber":30},{"Box":[443.784,432.0695,29.6427,11.8157],"Polygon":[432.0695,443.784,461.7122,443.784,461.7122,455.5997,432.0695,455.5997],"IndexInText":2022,"OcrConfidence":1.0,"Text":"262-II","VisualLineNumber":30},{"Box":[443.784,466.6526,9.881,11.8157],"Polygon":[466.6526,443.784,476.5336,443.784,476.5336,455.5997,466.6526,455.5997],"IndexInText":2029,"OcrConfidence":1.0,"Text":"4°","VisualLineNumber":30},{"Box":[443.784,481.474,9.8809,11.8157],"Polygon":[481.474,443.784,491.3549,443.784,491.3549,455.5997,481.474,455.5997],"IndexInText":2032,"OcrConfidence":1.0,"Text":"of","VisualLineNumber":30},{"Box":[443.784,496.2953,14.8214,11.8157],"Polygon":[496.2953,443.784,511.1167,443.784,511.1167,455.5997,496.2953,455.5997],"IndexInText":2035,"OcrConfidence":1.0,"Text":"CGI","VisualLineNumber":30},{"Box":[443.784,637.92,19.7619,11.8157],"Polygon":[637.92,443.784,657.6819,443.784,657.6819,455.5997,637.92,455.5997],"IndexInText":2039,"OcrConfidence":1.0,"Text":"0.00","VisualLineNumber":30},{"Box":[443.784,804.456,19.7619,11.8157],"Polygon":[804.456,443.784,824.2179,443.784,824.2179,455.5997,804.456,455.5997],"IndexInText":2044,"OcrConfidence":1.0,"Text":"0.00","VisualLineNumber":30}]}]},{"IndexInText":2375,"Language":"eng","Length":320,"Rotation":"None","SkewAngle":0.0,"Type":"Footer","WordGroups":[{"IndexInText":2375,"Length":320,"Type":"Sentence","Words":[{"Box":[543.14,7.488,23.058,9.191],"Polygon":[7.488,543.14,30.546,543.14,30.546,552.331,7.488,552.331],"IndexInText":2375,"OcrConfidence":1.0,"Text":"BANQUE","VisualLineNumber":31},{"Box":[543.14,34.389,53.802,9.191],"Polygon":[34.389,543.14,88.191,543.14,88.191,552.331,34.389,552.331],"IndexInText":2382,"OcrConfidence":1.0,"Text":"POPULAIREIBAN:","VisualLineNumber":31},{"Box":[543.14,92.034,15.372,9.191],"Polygon":[92.034,543.14,107.406,543.14,107.406,552.331,92.034,552.331],"IndexInText":2397,"OcrConfidence":1.0,"Text":"FR76","VisualLineNumber":31},{"Box":[543.14,111.249,15.372,9.191],"Polygon":[111.249,543.14,126.621,543.14,126.621,552.331,111.249,552.331],"IndexInText":2402,"OcrConfidence":1.0,"Text":"1020","VisualLineNumber":31},{"Box":[543.14,130.464,15.372,9.191],"Polygon":[130.464,543.14,145.836,543.14,145.836,552.331,130.464,552.331],"IndexInText":2407,"OcrConfidence":1.0,"Text":"7003","VisualLineNumber":31},{"Box":[543.14,149.679,15.372,9.191],"Polygon":[149.679,543.14,165.051,543.14,165.051,552.331,149.679,552.331],"IndexInText":2412,"OcrConfidence":1.0,"Text":"2821","VisualLineNumber":31},{"Box":[543.14,168.894,15.372,9.191],"Polygon":[168.894,543.14,184.266,543.14,184.266,552.331,168.894,552.331],"IndexInText":2417,"OcrConfidence":1.0,"Text":"2196","VisualLineNumber":31},{"Box":[543.14,188.109,15.372,9.191],"Polygon":[188.109,543.14,203.481,543.14,203.481,552.331,188.109,552.331],"IndexInText":2422,"OcrConfidence":1.0,"Text":"6287","VisualLineNumber":31},{"Box":[543.14,207.324,34.587,9.191],"Polygon":[207.324,543.14,241.911,543.14,241.911,552.331,207.324,552.331],"IndexInText":2427,"OcrConfidence":1.0,"Text":"485SWIFT:","VisualLineNumber":31},{"Box":[543.14,245.754,53.802,9.191],"Polygon":[245.754,543.14,299.556,543.14,299.556,552.331,245.754,552.331],"IndexInText":2437,"OcrConfidence":1.0,"Text":"CCBPFRPPMTG10%","VisualLineNumber":31},{"Box":[543.14,303.399,7.686,9.191],"Polygon":[303.399,543.14,311.085,543.14,311.085,552.331,303.399,552.331],"IndexInText":2452,"OcrConfidence":1.0,"Text":"of","VisualLineNumber":31},{"Box":[543.14,314.928,11.529,9.191],"Polygon":[314.928,543.14,326.457,543.14,326.457,552.331,314.928,552.331],"IndexInText":2455,"OcrConfidence":1.0,"Text":"the","VisualLineNumber":31},{"Box":[543.14,330.3,23.058,9.191],"Polygon":[330.3,543.14,353.358,543.14,353.358,552.331,330.3,552.331],"IndexInText":2459,"OcrConfidence":1.0,"Text":"amount","VisualLineNumber":31},{"Box":[543.14,357.201,11.529,9.191],"Polygon":[357.201,543.14,368.73,543.14,368.73,552.331,357.201,552.331],"IndexInText":2466,"OcrConfidence":1.0,"Text":"due","VisualLineNumber":31},{"Box":[543.14,372.573,15.372,9.191],"Polygon":[372.573,543.14,387.945,543.14,387.945,552.331,372.573,552.331],"IndexInText":2470,"OcrConfidence":1.0,"Text":"will","VisualLineNumber":31},{"Box":[543.14,391.788,7.686,9.191],"Polygon":[391.788,543.14,399.474,543.14,399.474,552.331,391.788,552.331],"IndexInText":2475,"OcrConfidence":1.0,"Text":"be","VisualLineNumber":31},{"Box":[543.14,403.317,26.901,9.191],"Polygon":[403.317,543.14,430.218,543.14,430.218,552.331,403.317,552.331],"IndexInText":2478,"OcrConfidence":1.0,"Text":"applied","VisualLineNumber":31},{"Box":[543.14,434.061,11.529,9.191],"Polygon":[434.061,543.14,445.59,543.14,445.59,552.331,434.061,552.331],"IndexInText":2486,"OcrConfidence":1.0,"Text":"for","VisualLineNumber":31},{"Box":[543.14,449.433,11.529,9.191],"Polygon":[449.433,543.14,460.962,543.14,460.962,552.331,449.433,552.331],"IndexInText":2490,"OcrConfidence":1.0,"Text":"any","VisualLineNumber":31},{"Box":[543.14,464.805,19.215,9.191],"Polygon":[464.805,543.14,484.02,543.14,484.02,552.331,464.805,552.331],"IndexInText":2494,"OcrConfidence":1.0,"Text":"delay","VisualLineNumber":31},{"Box":[543.14,487.863,26.901,9.191],"Polygon":[487.863,543.14,514.764,543.14,514.764,552.331,487.863,552.331],"IndexInText":2500,"OcrConfidence":1.0,"Text":"pament,","VisualLineNumber":31},{"Box":[543.14,518.607,19.215,9.191],"Polygon":[518.607,543.14,537.822,543.14,537.822,552.331,518.607,552.331],"IndexInText":2508,"OcrConfidence":1.0,"Text":"witha","VisualLineNumber":31},{"Box":[543.14,541.665,26.901,9.191],"Polygon":[541.665,543.14,568.566,543.14,568.566,552.331,541.665,552.331],"IndexInText":2514,"OcrConfidence":1.0,"Text":"minimum","VisualLineNumber":31},{"Box":[543.14,572.409,7.686,9.191],"Polygon":[572.409,543.14,580.095,543.14,580.095,552.331,572.409,552.331],"IndexInText":2522,"OcrConfidence":1.0,"Text":"of","VisualLineNumber":31},{"Box":[543.14,583.938,38.43,9.191],"Polygon":[583.938,543.14,622.368,543.14,622.368,552.331,583.938,552.331],"IndexInText":2525,"OcrConfidence":1.0,"Text":"200EUR.The","VisualLineNumber":31},{"Box":[543.14,626.211,34.587,9.191],"Polygon":[626.211,543.14,660.798,543.14,660.798,552.331,626.211,552.331],"IndexInText":2536,"OcrConfidence":1.0,"Text":"interests","VisualLineNumber":31},{"Box":[543.14,664.641,15.372,9.191],"Polygon":[664.641,543.14,680.013,543.14,680.013,552.331,664.641,552.331],"IndexInText":2546,"OcrConfidence":1.0,"Text":"will","VisualLineNumber":31},{"Box":[543.14,683.856,7.686,9.191],"Polygon":[683.856,543.14,691.542,543.14,691.542,552.331,683.856,552.331],"IndexInText":2551,"OcrConfidence":1.0,"Text":"be","VisualLineNumber":31},{"Box":[543.14,695.385,38.43,9.191],"Polygon":[695.385,543.14,733.815,543.14,733.815,552.331,695.385,552.331],"IndexInText":2554,"OcrConfidence":1.0,"Text":"calculated","VisualLineNumber":31},{"Box":[543.14,737.658,7.686,9.191],"Polygon":[737.658,543.14,745.344,543.14,745.344,552.331,737.658,552.331],"IndexInText":2565,"OcrConfidence":1.0,"Text":"on","VisualLineNumber":31},{"Box":[543.14,749.187,11.529,9.191],"Polygon":[749.187,543.14,760.716,543.14,760.716,552.331,749.187,552.331],"IndexInText":2568,"OcrConfidence":1.0,"Text":"the","VisualLineNumber":31},{"Box":[543.14,764.559,19.215,9.191],"Polygon":[764.559,543.14,783.774,543.14,783.774,552.331,764.559,552.331],"IndexInText":2572,"OcrConfidence":1.0,"Text":"basis","VisualLineNumber":31},{"Box":[543.14,787.617,7.686,9.191],"Polygon":[787.617,543.14,795.303,543.14,795.303,552.331,787.617,552.331],"IndexInText":2578,"OcrConfidence":1.0,"Text":"of","VisualLineNumber":31},{"Box":[543.14,799.146,3.843,9.191],"Polygon":[799.146,543.14,802.989,543.14,802.989,552.331,799.146,552.331],"IndexInText":2581,"OcrConfidence":1.0,"Text":"3","VisualLineNumber":31},{"Box":[543.14,806.832,19.215,9.191],"Polygon":[806.832,543.14,826.047,543.14,826.047,552.331,806.832,552.331],"IndexInText":2583,"OcrConfidence":1.0,"Text":"times","VisualLineNumber":31},{"Box":[551.276,7.488,11.529,9.191],"Polygon":[7.488,551.276,19.017,551.276,19.017,560.467,7.488,560.467],"IndexInText":2589,"OcrConfidence":1.0,"Text":"the","VisualLineNumber":32},{"Box":[551.276,22.86,49.959,9.191],"Polygon":[22.86,551.276,72.819,551.276,72.819,560.467,22.86,560.467],"IndexInText":2593,"OcrConfidence":1.0,"Text":"legalinterest","VisualLineNumber":32},{"Box":[551.276,76.662,26.901,9.191],"Polygon":[76.662,551.276,103.563,551.276,103.563,560.467,76.662,560.467],"IndexInText":2607,"OcrConfidence":1.0,"Text":"rate.If","VisualLineNumber":32},{"Box":[551.276,107.406,23.058,9.191],"Polygon":[107.406,551.276,130.464,551.276,130.464,560.467,107.406,560.467],"IndexInText":2615,"OcrConfidence":1.0,"Text":"action","VisualLineNumber":32},{"Box":[551.276,134.307,7.686,9.191],"Polygon":[134.307,551.276,141.993,551.276,141.993,560.467,134.307,560.467],"IndexInText":2622,"OcrConfidence":1.0,"Text":"of","VisualLineNumber":32},{"Box":[551.276,145.836,42.273,9.191],"Polygon":[145.836,551.276,188.109,551.276,188.109,560.467,145.836,560.467],"IndexInText":2625,"OcrConfidence":1.0,"Text":"recovering,","VisualLineNumber":32},{"Box":[551.276,191.952,7.686,9.191],"Polygon":[191.952,551.276,199.638,551.276,199.638,560.467,191.952,560.467],"IndexInText":2637,"OcrConfidence":1.0,"Text":"an","VisualLineNumber":32},{"Box":[551.276,203.481,42.273,9.191],"Polygon":[203.481,551.276,245.754,551.276,245.754,560.467,203.481,560.467],"IndexInText":2640,"OcrConfidence":1.0,"Text":"application","VisualLineNumber":32},{"Box":[551.276,249.597,7.686,9.191],"Polygon":[249.597,551.276,257.283,551.276,257.283,560.467,249.597,560.467],"IndexInText":2652,"OcrConfidence":1.0,"Text":"of","VisualLineNumber":32},{"Box":[551.276,261.126,19.215,9.191],"Polygon":[261.126,551.276,280.341,551.276,280.341,560.467,261.126,560.467],"IndexInText":2655,"OcrConfidence":1.0,"Text":"40EUR","VisualLineNumber":32},{"Box":[551.276,284.184,11.529,9.191],"Polygon":[284.184,551.276,295.713,551.276,295.713,560.467,284.184,560.467],"IndexInText":2661,"OcrConfidence":1.0,"Text":"per","VisualLineNumber":32},{"Box":[551.276,299.556,23.058,9.191],"Polygon":[299.556,551.276,322.614,551.276,322.614,560.467,299.556,560.467],"IndexInText":2665,"OcrConfidence":1.0,"Text":"unpaid","VisualLineNumber":32},{"Box":[551.276,326.457,42.273,9.191],"Polygon":[326.457,551.276,368.73,551.276,368.73,560.467,326.457,560.467],"IndexInText":2672,"OcrConfidence":1.0,"Text":"invoicewill","VisualLineNumber":32},{"Box":[551.276,372.573,7.686,9.191],"Polygon":[372.573,551.276,380.259,551.276,380.259,560.467,372.573,560.467],"IndexInText":2684,"OcrConfidence":1.0,"Text":"be","VisualLineNumber":32},{"Box":[551.276,384.102,30.744,9.191],"Polygon":[384.102,551.276,414.846,551.276,414.846,560.467,384.102,560.467],"IndexInText":2687,"OcrConfidence":1.0,"Text":"applied.","VisualLineNumber":32}]}]},{"IndexInText":2697,"Language":"eng","Length":11,"Rotation":"None","SkewAngle":0.0,"Type":"Footer","WordGroups":[{"IndexInText":2697,"Length":11,"Type":"Other","Words":[{"Box":[560.819,7.272,13.176,7.59],"Polygon":[7.272,560.819,20.448,560.819,20.448,568.409,7.272,568.409],"IndexInText":2697,"OcrConfidence":1.0,"Text":"Page","VisualLineNumber":33},{"Box":[560.819,23.742,3.294,7.59],"Polygon":[23.742,560.819,27.036,560.819,27.036,568.409,23.742,568.409],"IndexInText":2702,"OcrConfidence":1.0,"Text":"1","VisualLineNumber":33},{"Box":[560.819,30.33,6.588,7.59],"Polygon":[30.33,560.819,36.918,560.819,36.918,568.409,30.33,568.409],"IndexInText":2704,"OcrConfidence":1.0,"Text":"Of","VisualLineNumber":33},{"Box":[560.819,40.212,3.294,7.59],"Polygon":[40.212,560.819,43.506,560.819,43.506,568.409,40.212,568.409],"IndexInText":2707,"OcrConfidence":1.0,"Text":"2","VisualLineNumber":33}]}]}],"ProcessingSource":"Pdf","IndexInText":0,"TextLength":2708,"SkewAngle":0.0},{"PageIndex":1,"Size":[0.0,0.0,841.0,595.0],"Sections":[{"IndexInText":2710,"Language":"ita","Length":7,"Rotation":"None","SkewAngle":0.0,"Type":"Header","WordGroups":[{"IndexInText":2710,"Length":7,"Type":"Other","Words":[{"Box":[7.825,387.288,61.4842,20.2387],"Polygon":[387.288,7.825,448.7722,7.825,448.7722,28.0637,387.288,28.0637],"IndexInText":2710,"OcrConfidence":1.0,"Text":"Invoice","VisualLineNumber":0}]}]},{"IndexInText":2719,"Language":"eng","Length":16,"Rotation":"None","SkewAngle":0.0,"Type":"Header","WordGroups":[{"IndexInText":2719,"Length":16,"Type":"Other","Words":[{"Box":[7.099,739.512,49.4051,13.1287],"Polygon":[739.512,7.099,788.9171,7.099,788.9171,20.2277,739.512,20.2277],"IndexInText":2719,"OcrConfidence":1.0,"Text":"Digitally","VisualLineNumber":0},{"Box":[7.099,794.4065,32.9368,13.1287],"Polygon":[794.4065,7.099,827.3433,7.099,827.3433,20.2277,794.4065,20.2277],"IndexInText":2729,"OcrConfidence":1.0,"Text":"Signed","VisualLineNumber":0}]}]},{"IndexInText":2737,"Language":"eng","Length":42,"Rotation":"None","SkewAngle":0.0,"Type":"Paragraph","WordGroups":[{"IndexInText":2737,"Length":42,"Type":"Other","Words":[{"Box":[70.336,46.944,34.5832,11.3837],"Polygon":[46.944,70.336,81.5272,70.336,81.5272,81.7197,46.944,81.7197],"IndexInText":2737,"OcrConfidence":1.0,"Text":"Billing","VisualLineNumber":1},{"Box":[70.336,86.4676,29.6428,11.3837],"Polygon":[86.4676,70.336,116.1104,70.336,116.1104,81.7197,86.4676,81.7197],"IndexInText":2745,"OcrConfidence":1.0,"Text":"Entity","VisualLineNumber":1},{"Box":[70.336,121.0508,19.7618,11.3837],"Polygon":[121.0508,70.336,140.8126,70.336,140.8126,81.7197,121.0508,81.7197],"IndexInText":2752,"OcrConfidence":1.0,"Text":"Name","VisualLineNumber":1},{"Box":[70.102,145.008,29.6428,11.8157],"Polygon":[145.008,70.102,174.6508,70.102,174.6508,81.9177,145.008,81.9177],"IndexInText":2757,"OcrConfidence":1.0,"Text":"GROUPE","VisualLineNumber":1},{"Box":[70.102,179.5912,29.6427,11.8157],"Polygon":[179.5912,70.102,209.2339,70.102,209.2339,81.9177,179.5912,81.9177],"IndexInText":2764,"OcrConfidence":1.0,"Text":"EUROPE","VisualLineNumber":1},{"Box":[70.102,214.1743,39.5237,11.8157],"Polygon":[214.1743,70.102,253.698,70.102,253.698,81.9177,214.1743,81.9177],"IndexInText":2771,"OcrConfidence":1.0,"Text":"HANDLING","VisualLineNumber":1}]}]},{"IndexInText":2781,"Language":"eng","Length":13,"Rotation":"None","SkewAngle":0.0,"Type":"Paragraph","WordGroups":[{"IndexInText":2781,"Length":13,"Type":"Heading","Words":[{"Box":[108.426,17.712,34.5832,11.3837],"Polygon":[17.712,108.426,52.2952,108.426,52.2952,119.8097,17.712,119.8097],"IndexInText":2781,"OcrConfidence":1.0,"Text":"Payment","VisualLineNumber":3},{"Box":[108.426,57.2356,24.7023,11.3837],"Polygon":[57.2356,108.426,81.9379,108.426,81.9379,119.8097,57.2356,119.8097],"IndexInText":2789,"OcrConfidence":1.0,"Text":"Terms","VisualLineNumber":3}]}]},{"IndexInText":2796,"Language":"fra","Length":20,"Rotation":"None","SkewAngle":0.0,"Type":"Paragraph","WordGroups":[{"IndexInText":2796,"Length":20,"Type":"Other","Words":[{"Box":[71.344,368.784,34.5832,11.3837],"Polygon":[368.784,71.344,403.3672,71.344,403.3672,82.7277,368.784,82.7277],"IndexInText":2796,"OcrConfidence":1.0,"Text":"Invoice","VisualLineNumber":1},{"Box":[71.344,408.3076,4.9405,11.3837],"Polygon":[408.3076,71.344,413.2481,71.344,413.2481,82.7277,408.3076,82.7277],"IndexInText":2804,"OcrConfidence":1.0,"Text":"#","VisualLineNumber":1},{"Box":[70.966,419.256,49.4046,11.8157],"Polygon":[419.256,70.966,468.6606,70.966,468.6606,82.7817,419.256,82.7817],"IndexInText":2806,"OcrConfidence":1.0,"Text":"CGF2207088","VisualLineNumber":1}]}]},{"IndexInText":2818,"Language":"ron","Length":15,"Rotation":"None","SkewAngle":0.0,"Type":"Paragraph","WordGroups":[{"IndexInText":2818,"Length":15,"Type":"Other","Words":[{"Box":[82.792,393.552,19.7619,11.3837],"Polygon":[393.552,82.792,413.3139,82.792,413.3139,94.1757,393.552,94.1757],"IndexInText":2818,"OcrConfidence":1.0,"Text":"Date","VisualLineNumber":2},{"Box":[82.414,419.256,49.4046,11.8157],"Polygon":[419.256,82.414,468.6606,82.414,468.6606,94.2297,419.256,94.2297],"IndexInText":2823,"OcrConfidence":1.0,"Text":"2022-07-19","VisualLineNumber":2}]}]},{"IndexInText":2835,"Language":"eng","Length":37,"Rotation":"None","SkewAngle":0.0,"Type":"Paragraph","WordGroups":[{"IndexInText":2835,"Length":37,"Type":"Other","Words":[{"Box":[70.048,597.744,29.6428,11.3837],"Polygon":[597.744,70.048,627.3868,70.048,627.3868,81.4317,597.744,81.4317],"IndexInText":2835,"OcrConfidence":1.0,"Text":"Billed","VisualLineNumber":1},{"Box":[70.048,632.3272,29.6427,11.3837],"Polygon":[632.3272,70.048,661.9699,70.048,661.9699,81.4317,632.3272,81.4317],"IndexInText":2842,"OcrConfidence":1.0,"Text":"Entity","VisualLineNumber":1},{"Box":[70.048,666.9103,19.7619,11.3837],"Polygon":[666.9103,70.048,686.6722,70.048,686.6722,81.4317,666.9103,81.4317],"IndexInText":2849,"OcrConfidence":1.0,"Text":"Name","VisualLineNumber":1},{"Box":[69.67,692.28,34.5832,11.8157],"Polygon":[692.28,69.67,726.8632,69.67,726.8632,81.4857,692.28,81.4857],"IndexInText":2854,"OcrConfidence":1.0,"Text":"EASYJET","VisualLineNumber":1},{"Box":[69.67,731.8036,9.881,11.8157],"Polygon":[731.8036,69.67,741.6846,69.67,741.6846,81.4857,731.8036,81.4857],"IndexInText":2862,"OcrConfidence":1.0,"Text":"UK","VisualLineNumber":1},{"Box":[69.67,746.625,34.5832,11.8157],"Polygon":[746.625,69.67,781.2082,69.67,781.2082,81.4857,746.625,81.4857],"IndexInText":2865,"OcrConfidence":1.0,"Text":"LIMITED","VisualLineNumber":1}]}]},{"IndexInText":2874,"Language":"eng","Length":82,"Rotation":"None","SkewAngle":0.0,"Type":"Paragraph","WordGroups":[{"IndexInText":2874,"Length":82,"Type":"Heading","Words":[{"Box":[120.576,268.704,14.8214,11.8157],"Polygon":[268.704,120.576,283.5254,120.576,283.5254,132.3917,268.704,132.3917],"IndexInText":2874,"OcrConfidence":1.0,"Text":"Due","VisualLineNumber":4},{"Box":[131.088,76.248,54.345,11.8157],"Polygon":[76.248,131.088,130.593,131.088,130.593,142.9037,76.248,142.9037],"IndexInText":2878,"OcrConfidence":1.0,"Text":"Description","VisualLineNumber":5},{"Box":[131.088,211.032,14.8214,11.8157],"Polygon":[211.032,131.088,225.8534,131.088,225.8534,142.9037,211.032,142.9037],"IndexInText":2890,"OcrConfidence":1.0,"Text":"Due","VisualLineNumber":5},{"Box":[131.088,230.7938,19.7619,11.8157],"Polygon":[230.7938,131.088,250.5557,131.088,250.5557,142.9037,230.7938,142.9037],"IndexInText":2894,"OcrConfidence":1.0,"Text":"Date","VisualLineNumber":5},{"Box":[131.088,268.704,19.7619,11.8157],"Polygon":[268.704,131.088,288.4659,131.088,288.4659,142.9037,268.704,142.9037],"IndexInText":2899,"OcrConfidence":1.0,"Text":"Days","VisualLineNumber":5},{"Box":[131.088,336.888,24.7023,11.8157],"Polygon":[336.888,131.088,361.5903,131.088,361.5903,142.9037,336.888,142.9037],"IndexInText":2904,"OcrConfidence":1.0,"Text":"Terms","VisualLineNumber":5},{"Box":[131.088,445.464,19.7619,11.8157],"Polygon":[445.464,131.088,465.2259,131.088,465.2259,142.9037,445.464,142.9037],"IndexInText":2910,"OcrConfidence":1.0,"Text":"Bank","VisualLineNumber":5},{"Box":[131.088,470.1663,19.7618,11.8157],"Polygon":[470.1663,131.088,489.9281,131.088,489.9281,142.9037,470.1663,142.9037],"IndexInText":2915,"OcrConfidence":1.0,"Text":"Name","VisualLineNumber":5},{"Box":[131.088,537.48,34.5832,11.8157],"Polygon":[537.48,131.088,572.0632,131.088,572.0632,142.9037,537.48,142.9037],"IndexInText":2920,"OcrConfidence":1.0,"Text":"Contact","VisualLineNumber":5},{"Box":[131.088,577.0036,29.6428,11.8157],"Polygon":[577.0036,131.088,606.6464,131.088,606.6464,142.9037,577.0036,142.9037],"IndexInText":2928,"OcrConfidence":1.0,"Text":"Person","VisualLineNumber":5},{"Box":[131.088,644.76,19.7619,11.8157],"Polygon":[644.76,131.088,664.5219,131.088,664.5219,142.9037,644.76,142.9037],"IndexInText":2935,"OcrConfidence":1.0,"Text":"Bank","VisualLineNumber":5},{"Box":[131.088,669.4623,19.7618,11.8157],"Polygon":[669.4623,131.088,689.2241,131.088,689.2241,142.9037,669.4623,142.9037],"IndexInText":2940,"OcrConfidence":1.0,"Text":"Code","VisualLineNumber":5},{"Box":[131.088,746.136,29.6428,11.8157],"Polygon":[746.136,131.088,775.7788,131.088,775.7788,142.9037,746.136,142.9037],"IndexInText":2945,"OcrConfidence":1.0,"Text":"Branch","VisualLineNumber":5},{"Box":[131.088,780.7192,19.7618,11.8157],"Polygon":[780.7192,131.088,800.481,131.088,800.481,142.9037,780.7192,142.9037],"IndexInText":2952,"OcrConfidence":1.0,"Text":"Code","VisualLineNumber":5}]}]},{"IndexInText":2958,"Language":"eng","Length":53,"Rotation":"None","SkewAngle":0.0,"Type":"Paragraph","WordGroups":[{"IndexInText":2958,"Length":53,"Type":"Other","Words":[{"Box":[146.856,68.832,9.881,11.8157],"Polygon":[68.832,146.856,78.713,146.856,78.713,158.6717,68.832,158.6717],"IndexInText":2958,"OcrConfidence":1.0,"Text":"To","VisualLineNumber":6},{"Box":[146.856,83.6534,14.8214,11.8157],"Polygon":[83.6534,146.856,98.4748,146.856,98.4748,158.6717,83.6534,158.6717],"IndexInText":2961,"OcrConfidence":1.0,"Text":"pay","VisualLineNumber":6},{"Box":[146.856,103.4152,29.6427,11.8157],"Polygon":[103.4152,146.856,133.0579,146.856,133.0579,158.6717,103.4152,158.6717],"IndexInText":2965,"OcrConfidence":1.0,"Text":"before","VisualLineNumber":6},{"Box":[146.856,206.136,49.4046,11.8157],"Polygon":[206.136,146.856,255.5406,146.856,255.5406,158.6717,206.136,158.6717],"IndexInText":2972,"OcrConfidence":1.0,"Text":"2022-08-18","VisualLineNumber":6},{"Box":[146.856,428.112,29.6428,11.8157],"Polygon":[428.112,146.856,457.7548,146.856,457.7548,158.6717,428.112,158.6717],"IndexInText":2983,"OcrConfidence":1.0,"Text":"Banque","VisualLineNumber":6},{"Box":[146.856,462.6952,44.4641,11.8157],"Polygon":[462.6952,146.856,507.1593,146.856,507.1593,158.6717,462.6952,158.6717],"IndexInText":2990,"OcrConfidence":1.0,"Text":"Populaire","VisualLineNumber":6},{"Box":[146.856,654.624,24.7023,11.8157],"Polygon":[654.624,146.856,679.3263,146.856,679.3263,158.6717,654.624,158.6717],"IndexInText":3000,"OcrConfidence":1.0,"Text":"10207","VisualLineNumber":6},{"Box":[146.856,760.968,24.7023,11.8157],"Polygon":[760.968,146.856,785.6703,146.856,785.6703,158.6717,760.968,158.6717],"IndexInText":3006,"OcrConfidence":1.0,"Text":"00328","VisualLineNumber":6}]}]},{"IndexInText":3013,"Language":"eng","Length":88,"Rotation":"None","SkewAngle":0.0,"Type":"Paragraph","WordGroups":[{"IndexInText":3013,"Length":88,"Type":"Other","Words":[{"Box":[161.85,629.928,19.7619,11.3837],"Polygon":[629.928,161.85,649.6899,161.85,649.6899,173.2337,629.928,173.2337],"IndexInText":3013,"OcrConfidence":1.0,"Text":"Bank","VisualLineNumber":7},{"Box":[161.85,654.6303,39.5236,11.3837],"Polygon":[654.6303,161.85,694.1539,161.85,694.1539,173.2337,654.6303,173.2337],"IndexInText":3018,"OcrConfidence":1.0,"Text":"Currency","VisualLineNumber":7},{"Box":[172.362,137.592,19.7619,11.3837],"Polygon":[137.592,172.362,157.3539,172.362,157.3539,183.7457,137.592,183.7457],"IndexInText":3027,"OcrConfidence":1.0,"Text":"IBAN","VisualLineNumber":8},{"Box":[172.362,320.112,24.7023,11.3837],"Polygon":[320.112,172.362,344.8143,172.362,344.8143,183.7457,320.112,183.7457],"IndexInText":3032,"OcrConfidence":1.0,"Text":"SWIFT","VisualLineNumber":8},{"Box":[172.362,415.08,19.7619,11.3837],"Polygon":[415.08,172.362,434.8419,172.362,434.8419,183.7457,415.08,183.7457],"IndexInText":3038,"OcrConfidence":1.0,"Text":"Bank","VisualLineNumber":8},{"Box":[172.362,439.7823,34.5832,11.3837],"Polygon":[439.7823,172.362,474.3655,172.362,474.3655,183.7457,439.7823,183.7457],"IndexInText":3043,"OcrConfidence":1.0,"Text":"Account","VisualLineNumber":8},{"Box":[172.362,479.3059,9.8809,11.3837],"Polygon":[479.3059,172.362,489.1868,172.362,489.1868,183.7457,479.3059,183.7457],"IndexInText":3051,"OcrConfidence":1.0,"Text":"No","VisualLineNumber":8},{"Box":[172.362,533.808,19.7619,11.3837],"Polygon":[533.808,172.362,553.5699,172.362,553.5699,183.7457,533.808,183.7457],"IndexInText":3054,"OcrConfidence":1.0,"Text":"Bank","VisualLineNumber":8},{"Box":[172.362,558.5103,34.5832,11.3837],"Polygon":[558.5103,172.362,593.0935,172.362,593.0935,183.7457,558.5103,183.7457],"IndexInText":3059,"OcrConfidence":1.0,"Text":"Account","VisualLineNumber":8},{"Box":[172.362,598.0339,19.7618,11.3837],"Polygon":[598.0339,172.362,617.7957,172.362,617.7957,183.7457,598.0339,183.7457],"IndexInText":3067,"OcrConfidence":1.0,"Text":"Name","VisualLineNumber":8},{"Box":[172.362,654.696,19.7619,11.3837],"Polygon":[654.696,172.362,674.4579,172.362,674.4579,183.7457,654.696,183.7457],"IndexInText":3072,"OcrConfidence":1.0,"Text":"Code","VisualLineNumber":8},{"Box":[172.362,705.24,44.4641,11.3837],"Polygon":[705.24,172.362,749.7041,172.362,749.7041,183.7457,705.24,183.7457],"IndexInText":3077,"OcrConfidence":1.0,"Text":"Reference","VisualLineNumber":8},{"Box":[172.362,754.6445,34.5832,11.3837],"Polygon":[754.6445,172.362,789.2277,172.362,789.2277,183.7457,754.6445,183.7457],"IndexInText":3087,"OcrConfidence":1.0,"Text":"Invoice","VisualLineNumber":8},{"Box":[172.362,794.1681,29.6428,11.3837],"Polygon":[794.1681,172.362,823.8109,172.362,823.8109,183.7457,794.1681,183.7457],"IndexInText":3095,"OcrConfidence":1.0,"Text":"Number","VisualLineNumber":8}]}]},{"IndexInText":3103,"Language":"fra","Length":13,"Rotation":"None","SkewAngle":0.0,"Type":"Paragraph","WordGroups":[{"IndexInText":3103,"Length":13,"Type":"Heading","Words":[{"Box":[186.456,541.296,29.6428,11.8157],"Polygon":[541.296,186.456,570.9388,186.456,570.9388,198.2717,541.296,198.2717],"IndexInText":3103,"OcrConfidence":1.0,"Text":"Groupe","VisualLineNumber":9},{"Box":[186.456,575.8792,29.6427,11.8157],"Polygon":[575.8792,186.456,605.5219,186.456,605.5219,198.2717,575.8792,198.2717],"IndexInText":3110,"OcrConfidence":1.0,"Text":"Europe","VisualLineNumber":9}]}]},{"IndexInText":3118,"Language":"nor","Length":27,"Rotation":"None","SkewAngle":0.0,"Type":"Paragraph","WordGroups":[{"IndexInText":3118,"Length":27,"Type":"Other","Words":[{"Box":[191.712,80.64,133.3922,11.8157],"Polygon":[80.64,191.712,214.0322,191.712,214.0322,203.5277,80.64,203.5277],"IndexInText":3118,"OcrConfidence":1.0,"Text":"FR7610207003282121966287485","VisualLineNumber":10}]}]},{"IndexInText":3147,"Language":"deu","Length":11,"Rotation":"None","SkewAngle":0.0,"Type":"Paragraph","WordGroups":[{"IndexInText":3147,"Length":11,"Type":"Other","Words":[{"Box":[191.712,305.352,54.345,11.8157],"Polygon":[305.352,191.712,359.697,191.712,359.697,203.5277,305.352,203.5277],"IndexInText":3147,"OcrConfidence":1.0,"Text":"CCBPFRPPMTG","VisualLineNumber":10}]}]},{"IndexInText":3160,"Language":"tur","Length":11,"Rotation":"None","SkewAngle":0.0,"Type":"Paragraph","WordGroups":[{"IndexInText":3160,"Length":11,"Type":"Other","Words":[{"Box":[191.712,424.944,54.345,11.8157],"Polygon":[424.944,191.712,479.289,191.712,479.289,203.5277,424.944,203.5277],"IndexInText":3160,"OcrConfidence":1.0,"Text":"21219662874","VisualLineNumber":10}]}]},{"IndexInText":3173,"Language":"und","Length":3,"Rotation":"None","SkewAngle":0.0,"Type":"Paragraph","WordGroups":[{"IndexInText":3173,"Length":3,"Type":"Other","Words":[{"Box":[191.712,657.144,14.8214,11.8157],"Polygon":[657.144,191.712,671.9654,191.712,671.9654,203.5277,657.144,203.5277],"IndexInText":3173,"OcrConfidence":1.0,"Text":"EUR","VisualLineNumber":10}]}]},{"IndexInText":3178,"Language":"eng","Length":10,"Rotation":"None","SkewAngle":0.0,"Type":"Paragraph","WordGroups":[{"IndexInText":3178,"Length":10,"Type":"Other","Words":[{"Box":[191.712,739.872,49.4046,11.8157],"Polygon":[739.872,191.712,789.2766,191.712,789.2766,203.5277,739.872,203.5277],"IndexInText":3178,"OcrConfidence":1.0,"Text":"CGF2207088","VisualLineNumber":10}]}]},{"IndexInText":3190,"Language":"dan","Length":8,"Rotation":"None","SkewAngle":0.0,"Type":"Paragraph","WordGroups":[{"IndexInText":3190,"Length":8,"Type":"Other","Words":[{"Box":[196.968,556.128,39.5237,11.8157],"Polygon":[556.128,196.968,595.6517,196.968,595.6517,208.7837,556.128,208.7837],"IndexInText":3190,"OcrConfidence":1.0,"Text":"Handling","VisualLineNumber":10}]}]},{"IndexInText":3200,"Language":"eng","Length":320,"Rotation":"None","SkewAngle":0.0,"Type":"Footer","WordGroups":[{"IndexInText":3200,"Length":320,"Type":"Sentence","Words":[{"Box":[542.42,7.488,23.058,9.191],"Polygon":[7.488,542.42,30.546,542.42,30.546,551.611,7.488,551.611],"IndexInText":3200,"OcrConfidence":1.0,"Text":"BANQUE","VisualLineNumber":11},{"Box":[542.42,34.389,53.802,9.191],"Polygon":[34.389,542.42,88.191,542.42,88.191,551.611,34.389,551.611],"IndexInText":3207,"OcrConfidence":1.0,"Text":"POPULAIREIBAN:","VisualLineNumber":11},{"Box":[542.42,92.034,15.372,9.191],"Polygon":[92.034,542.42,107.406,542.42,107.406,551.611,92.034,551.611],"IndexInText":3222,"OcrConfidence":1.0,"Text":"FR76","VisualLineNumber":11},{"Box":[542.42,111.249,15.372,9.191],"Polygon":[111.249,542.42,126.621,542.42,126.621,551.611,111.249,551.611],"IndexInText":3227,"OcrConfidence":1.0,"Text":"1020","VisualLineNumber":11},{"Box":[542.42,130.464,15.372,9.191],"Polygon":[130.464,542.42,145.836,542.42,145.836,551.611,130.464,551.611],"IndexInText":3232,"OcrConfidence":1.0,"Text":"7003","VisualLineNumber":11},{"Box":[542.42,149.679,15.372,9.191],"Polygon":[149.679,542.42,165.051,542.42,165.051,551.611,149.679,551.611],"IndexInText":3237,"OcrConfidence":1.0,"Text":"2821","VisualLineNumber":11},{"Box":[542.42,168.894,15.372,9.191],"Polygon":[168.894,542.42,184.266,542.42,184.266,551.611,168.894,551.611],"IndexInText":3242,"OcrConfidence":1.0,"Text":"2196","VisualLineNumber":11},{"Box":[542.42,188.109,15.372,9.191],"Polygon":[188.109,542.42,203.481,542.42,203.481,551.611,188.109,551.611],"IndexInText":3247,"OcrConfidence":1.0,"Text":"6287","VisualLineNumber":11},{"Box":[542.42,207.324,34.587,9.191],"Polygon":[207.324,542.42,241.911,542.42,241.911,551.611,207.324,551.611],"IndexInText":3252,"OcrConfidence":1.0,"Text":"485SWIFT:","VisualLineNumber":11},{"Box":[542.42,245.754,53.802,9.191],"Polygon":[245.754,542.42,299.556,542.42,299.556,551.611,245.754,551.611],"IndexInText":3262,"OcrConfidence":1.0,"Text":"CCBPFRPPMTG10%","VisualLineNumber":11},{"Box":[542.42,303.399,7.686,9.191],"Polygon":[303.399,542.42,311.085,542.42,311.085,551.611,303.399,551.611],"IndexInText":3277,"OcrConfidence":1.0,"Text":"of","VisualLineNumber":11},{"Box":[542.42,314.928,11.529,9.191],"Polygon":[314.928,542.42,326.457,542.42,326.457,551.611,314.928,551.611],"IndexInText":3280,"OcrConfidence":1.0,"Text":"the","VisualLineNumber":11},{"Box":[542.42,330.3,23.058,9.191],"Polygon":[330.3,542.42,353.358,542.42,353.358,551.611,330.3,551.611],"IndexInText":3284,"OcrConfidence":1.0,"Text":"amount","VisualLineNumber":11},{"Box":[542.42,357.201,11.529,9.191],"Polygon":[357.201,542.42,368.73,542.42,368.73,551.611,357.201,551.611],"IndexInText":3291,"OcrConfidence":1.0,"Text":"due","VisualLineNumber":11},{"Box":[542.42,372.573,15.372,9.191],"Polygon":[372.573,542.42,387.945,542.42,387.945,551.611,372.573,551.611],"IndexInText":3295,"OcrConfidence":1.0,"Text":"will","VisualLineNumber":11},{"Box":[542.42,391.788,7.686,9.191],"Polygon":[391.788,542.42,399.474,542.42,399.474,551.611,391.788,551.611],"IndexInText":3300,"OcrConfidence":1.0,"Text":"be","VisualLineNumber":11},{"Box":[542.42,403.317,26.901,9.191],"Polygon":[403.317,542.42,430.218,542.42,430.218,551.611,403.317,551.611],"IndexInText":3303,"OcrConfidence":1.0,"Text":"applied","VisualLineNumber":11},{"Box":[542.42,434.061,11.529,9.191],"Polygon":[434.061,542.42,445.59,542.42,445.59,551.611,434.061,551.611],"IndexInText":3311,"OcrConfidence":1.0,"Text":"for","VisualLineNumber":11},{"Box":[542.42,449.433,11.529,9.191],"Polygon":[449.433,542.42,460.962,542.42,460.962,551.611,449.433,551.611],"IndexInText":3315,"OcrConfidence":1.0,"Text":"any","VisualLineNumber":11},{"Box":[542.42,464.805,19.215,9.191],"Polygon":[464.805,542.42,484.02,542.42,484.02,551.611,464.805,551.611],"IndexInText":3319,"OcrConfidence":1.0,"Text":"delay","VisualLineNumber":11},{"Box":[542.42,487.863,26.901,9.191],"Polygon":[487.863,542.42,514.764,542.42,514.764,551.611,487.863,551.611],"IndexInText":3325,"OcrConfidence":1.0,"Text":"pament,","VisualLineNumber":11},{"Box":[542.42,518.607,19.215,9.191],"Polygon":[518.607,542.42,537.822,542.42,537.822,551.611,518.607,551.611],"IndexInText":3333,"OcrConfidence":1.0,"Text":"witha","VisualLineNumber":11},{"Box":[542.42,541.665,26.901,9.191],"Polygon":[541.665,542.42,568.566,542.42,568.566,551.611,541.665,551.611],"IndexInText":3339,"OcrConfidence":1.0,"Text":"minimum","VisualLineNumber":11},{"Box":[542.42,572.409,7.686,9.191],"Polygon":[572.409,542.42,580.095,542.42,580.095,551.611,572.409,551.611],"IndexInText":3347,"OcrConfidence":1.0,"Text":"of","VisualLineNumber":11},{"Box":[542.42,583.938,38.43,9.191],"Polygon":[583.938,542.42,622.368,542.42,622.368,551.611,583.938,551.611],"IndexInText":3350,"OcrConfidence":1.0,"Text":"200EUR.The","VisualLineNumber":11},{"Box":[542.42,626.211,34.587,9.191],"Polygon":[626.211,542.42,660.798,542.42,660.798,551.611,626.211,551.611],"IndexInText":3361,"OcrConfidence":1.0,"Text":"interests","VisualLineNumber":11},{"Box":[542.42,664.641,15.372,9.191],"Polygon":[664.641,542.42,680.013,542.42,680.013,551.611,664.641,551.611],"IndexInText":3371,"OcrConfidence":1.0,"Text":"will","VisualLineNumber":11},{"Box":[542.42,683.856,7.686,9.191],"Polygon":[683.856,542.42,691.542,542.42,691.542,551.611,683.856,551.611],"IndexInText":3376,"OcrConfidence":1.0,"Text":"be","VisualLineNumber":11},{"Box":[542.42,695.385,38.43,9.191],"Polygon":[695.385,542.42,733.815,542.42,733.815,551.611,695.385,551.611],"IndexInText":3379,"OcrConfidence":1.0,"Text":"calculated","VisualLineNumber":11},{"Box":[542.42,737.658,7.686,9.191],"Polygon":[737.658,542.42,745.344,542.42,745.344,551.611,737.658,551.611],"IndexInText":3390,"OcrConfidence":1.0,"Text":"on","VisualLineNumber":11},{"Box":[542.42,749.187,11.529,9.191],"Polygon":[749.187,542.42,760.716,542.42,760.716,551.611,749.187,551.611],"IndexInText":3393,"OcrConfidence":1.0,"Text":"the","VisualLineNumber":11},{"Box":[542.42,764.559,19.215,9.191],"Polygon":[764.559,542.42,783.774,542.42,783.774,551.611,764.559,551.611],"IndexInText":3397,"OcrConfidence":1.0,"Text":"basis","VisualLineNumber":11},{"Box":[542.42,787.617,7.686,9.191],"Polygon":[787.617,542.42,795.303,542.42,795.303,551.611,787.617,551.611],"IndexInText":3403,"OcrConfidence":1.0,"Text":"of","VisualLineNumber":11},{"Box":[542.42,799.146,3.843,9.191],"Polygon":[799.146,542.42,802.989,542.42,802.989,551.611,799.146,551.611],"IndexInText":3406,"OcrConfidence":1.0,"Text":"3","VisualLineNumber":11},{"Box":[542.42,806.832,19.215,9.191],"Polygon":[806.832,542.42,826.047,542.42,826.047,551.611,806.832,551.611],"IndexInText":3408,"OcrConfidence":1.0,"Text":"times","VisualLineNumber":11},{"Box":[550.556,7.488,11.529,9.191],"Polygon":[7.488,550.556,19.017,550.556,19.017,559.747,7.488,559.747],"IndexInText":3414,"OcrConfidence":1.0,"Text":"the","VisualLineNumber":12},{"Box":[550.556,22.86,49.959,9.191],"Polygon":[22.86,550.556,72.819,550.556,72.819,559.747,22.86,559.747],"IndexInText":3418,"OcrConfidence":1.0,"Text":"legalinterest","VisualLineNumber":12},{"Box":[550.556,76.662,26.901,9.191],"Polygon":[76.662,550.556,103.563,550.556,103.563,559.747,76.662,559.747],"IndexInText":3432,"OcrConfidence":1.0,"Text":"rate.If","VisualLineNumber":12},{"Box":[550.556,107.406,23.058,9.191],"Polygon":[107.406,550.556,130.464,550.556,130.464,559.747,107.406,559.747],"IndexInText":3440,"OcrConfidence":1.0,"Text":"action","VisualLineNumber":12},{"Box":[550.556,134.307,7.686,9.191],"Polygon":[134.307,550.556,141.993,550.556,141.993,559.747,134.307,559.747],"IndexInText":3447,"OcrConfidence":1.0,"Text":"of","VisualLineNumber":12},{"Box":[550.556,145.836,42.273,9.191],"Polygon":[145.836,550.556,188.109,550.556,188.109,559.747,145.836,559.747],"IndexInText":3450,"OcrConfidence":1.0,"Text":"recovering,","VisualLineNumber":12},{"Box":[550.556,191.952,7.686,9.191],"Polygon":[191.952,550.556,199.638,550.556,199.638,559.747,191.952,559.747],"IndexInText":3462,"OcrConfidence":1.0,"Text":"an","VisualLineNumber":12},{"Box":[550.556,203.481,42.273,9.191],"Polygon":[203.481,550.556,245.754,550.556,245.754,559.747,203.481,559.747],"IndexInText":3465,"OcrConfidence":1.0,"Text":"application","VisualLineNumber":12},{"Box":[550.556,249.597,7.686,9.191],"Polygon":[249.597,550.556,257.283,550.556,257.283,559.747,249.597,559.747],"IndexInText":3477,"OcrConfidence":1.0,"Text":"of","VisualLineNumber":12},{"Box":[550.556,261.126,19.215,9.191],"Polygon":[261.126,550.556,280.341,550.556,280.341,559.747,261.126,559.747],"IndexInText":3480,"OcrConfidence":1.0,"Text":"40EUR","VisualLineNumber":12},{"Box":[550.556,284.184,11.529,9.191],"Polygon":[284.184,550.556,295.713,550.556,295.713,559.747,284.184,559.747],"IndexInText":3486,"OcrConfidence":1.0,"Text":"per","VisualLineNumber":12},{"Box":[550.556,299.556,23.058,9.191],"Polygon":[299.556,550.556,322.614,550.556,322.614,559.747,299.556,559.747],"IndexInText":3490,"OcrConfidence":1.0,"Text":"unpaid","VisualLineNumber":12},{"Box":[550.556,326.457,42.273,9.191],"Polygon":[326.457,550.556,368.73,550.556,368.73,559.747,326.457,559.747],"IndexInText":3497,"OcrConfidence":1.0,"Text":"invoicewill","VisualLineNumber":12},{"Box":[550.556,372.573,7.686,9.191],"Polygon":[372.573,550.556,380.259,550.556,380.259,559.747,372.573,559.747],"IndexInText":3509,"OcrConfidence":1.0,"Text":"be","VisualLineNumber":12},{"Box":[550.556,384.102,30.744,9.191],"Polygon":[384.102,550.556,414.846,550.556,414.846,559.747,384.102,559.747],"IndexInText":3512,"OcrConfidence":1.0,"Text":"applied.","VisualLineNumber":12}]}]},{"IndexInText":3522,"Language":"eng","Length":11,"Rotation":"None","SkewAngle":0.0,"Type":"Footer","WordGroups":[{"IndexInText":3522,"Length":11,"Type":"Other","Words":[{"Box":[560.099,7.272,13.176,7.59],"Polygon":[7.272,560.099,20.448,560.099,20.448,567.689,7.272,567.689],"IndexInText":3522,"OcrConfidence":1.0,"Text":"Page","VisualLineNumber":13},{"Box":[560.099,23.742,3.294,7.59],"Polygon":[23.742,560.099,27.036,560.099,27.036,567.689,23.742,567.689],"IndexInText":3527,"OcrConfidence":1.0,"Text":"2","VisualLineNumber":13},{"Box":[560.099,30.33,6.588,7.59],"Polygon":[30.33,560.099,36.918,560.099,36.918,567.689,30.33,567.689],"IndexInText":3529,"OcrConfidence":1.0,"Text":"Of","VisualLineNumber":13},{"Box":[560.099,40.212,3.294,7.59],"Polygon":[40.212,560.099,43.506,560.099,43.506,567.689,40.212,567.689],"IndexInText":3532,"OcrConfidence":1.0,"Text":"2","VisualLineNumber":13}]}]}],"ProcessingSource":"Pdf","IndexInText":2710,"TextLength":823,"SkewAngle":0.0}]}