[{"DocumentTypeId":"EasyJet.IATA.BlackFormatOne","Keywords":[{"Values":["contact:"],"NumberOfTimesConfirmed":1,"LastUpdated":"2022-09-18T23:19:41.9750953+05:30"},{"Values":["telephone:"],"NumberOfTimesConfirmed":1,"LastUpdated":"2022-09-18T23:19:41.9750953+05:30"},{"Values":["vat","regn","no."],"NumberOfTimesConfirmed":1,"LastUpdated":"2022-09-18T23:19:41.9750953+05:30"},{"Values":["invoice","no."],"NumberOfTimesConfirmed":1,"LastUpdated":"2022-09-18T23:19:41.9750953+05:30"},{"Values":["tax","point/date"],"NumberOfTimesConfirmed":1,"LastUpdated":"2022-09-18T23:19:41.9750953+05:30"},{"Values":["invoice","total"],"NumberOfTimesConfirmed":1,"LastUpdated":"2022-09-18T23:19:41.9750953+05:30"},{"Values":["fax:"],"NumberOfTimesConfirmed":1,"LastUpdated":"2022-09-18T23:29:29.1704808+05:30"},{"Values":["period"],"NumberOfTimesConfirmed":1,"LastUpdated":"2022-09-18T23:29:29.1704808+05:30"},{"Values":["nett","amount"],"NumberOfTimesConfirmed":1,"LastUpdated":"2022-09-18T23:29:29.1704808+05:30"},{"Values":["registered","office:"],"NumberOfTimesConfirmed":1,"LastUpdated":"2022-09-18T23:29:29.1704808+05:30"},{"Values":["sort","code"],"NumberOfTimesConfirmed":1,"LastUpdated":"2022-09-18T23:29:29.1704808+05:30"}]},{"DocumentTypeId":"EasyJet.IATA.ColorFormatOne","Keywords":[{"Values":["invoice"],"NumberOfTimesConfirmed":1,"LastUpdated":"2022-09-18T22:03:01.5938284+05:30"},{"Values":["digitally","signed"],"NumberOfTimesConfirmed":1,"LastUpdated":"2022-09-18T22:56:35.7733871+05:30"},{"Values":["billing","entity","name"],"NumberOfTimesConfirmed":1,"LastUpdated":"2022-09-18T22:56:35.7733871+05:30"},{"Values":["num.code"],"NumberOfTimesConfirmed":1,"LastUpdated":"2022-09-18T22:56:35.7733871+05:30"},{"Values":["location","id"],"NumberOfTimesConfirmed":1,"LastUpdated":"2022-09-18T22:56:35.7733871+05:30"},{"Values":["contact","person"],"NumberOfTimesConfirmed":1,"LastUpdated":"2022-09-18T22:56:35.7733871+05:30"},{"Values":["charge","category"],"NumberOfTimesConfirmed":1,"LastUpdated":"2022-09-18T22:56:35.7733871+05:30"},{"Values":["month/year"],"NumberOfTimesConfirmed":1,"LastUpdated":"2022-09-18T22:56:35.7733871+05:30"},{"Values":["transmitter","name"],"NumberOfTimesConfirmed":1,"LastUpdated":"2022-09-18T22:56:35.7733871+05:30"},{"Values":["state/region"],"NumberOfTimesConfirmed":1,"LastUpdated":"2022-09-18T22:56:35.7733871+05:30"},{"Values":["transmitter","code"],"NumberOfTimesConfirmed":1,"LastUpdated":"2022-09-18T22:56:35.7733871+05:30"},{"Values":["uom"],"NumberOfTimesConfirmed":1,"LastUpdated":"2022-09-18T22:56:35.7733871+05:30"},{"Values":["total","invoice","base","amount"],"NumberOfTimesConfirmed":1,"LastUpdated":"2022-09-18T22:56:35.7733871+05:30"},{"Values":["product","id"],"NumberOfTimesConfirmed":1,"LastUpdated":"2022-09-18T22:56:35.7733871+05:30"},{"Values":["breakdown"],"NumberOfTimesConfirmed":1,"LastUpdated":"2022-09-18T22:56:35.7733871+05:30"},{"Values":["payment","terms"],"NumberOfTimesConfirmed":1,"LastUpdated":"2022-09-18T22:56:35.7733871+05:30"},{"Values":["iban","swift"],"NumberOfTimesConfirmed":1,"LastUpdated":"2022-09-18T22:56:35.7733871+05:30"},{"Values":["reference","invoice","number"],"NumberOfTimesConfirmed":1,"LastUpdated":"2022-09-18T22:56:35.7733871+05:30"}]}]
