﻿{
  "DataContractVersion": "1.1",
  "DocumentTypes": [
    {
      "DocumentTypeId": "EasyJet.IATA.ColorFormatOne",
      "Group": "EasyJet",
      "Category": "IATA",
      "Name": "ColorFormatOne",
      "OptionalUniqueIdentifier": "",
      "TypeField": {
        "FieldId": "EasyJet.IATA.ColorFormatOne.DocumentType",
        "FieldName": "Document Type"
      },
      "Fields": [
        {
          "FieldId": "EasyJet.IATA.ColorFormatOne.InvoiceNumber",
          "FieldName": "Invoice Number",
          "IsMultiValue": false,
          "Type": "Text",
          "DeriveFieldsFormat": "",
          "Components": [],
          "SetValues": [],
          "Metadata": [
            {
              "Key": "Color",
              "Value": "#038a18"
            },
            {
              "Key": "Hotkey",
              "Value": "v"
            }
          ]
        },
        {
          "FieldId": "EasyJet.IATA.ColorFormatOne.InvoiceDate",
          "FieldName": "Invoice Date",
          "IsMultiValue": false,
          "Type": "Text",
          "DeriveFieldsFormat": "",
          "Components": [],
          "SetValues": [],
          "Metadata": [
            {
              "Key": "Color",
              "Value": "#fa6616"
            },
            {
              "Key": "Hotkey",
              "Value": "c"
            }
          ]
        },
        {
          "FieldId": "EasyJet.IATA.ColorFormatOne.BillingEntityName",
          "FieldName": "Billing Entity Name",
          "IsMultiValue": false,
          "Type": "Text",
          "DeriveFieldsFormat": "",
          "Components": [],
          "SetValues": [],
          "Metadata": [
            {
              "Key": "Color",
              "Value": "#8a97a0"
            },
            {
              "Key": "Hotkey",
              "Value": "l"
            }
          ]
        },
        {
          "FieldId": "EasyJet.IATA.ColorFormatOne.LocationCode",
          "FieldName": "Location Code",
          "IsMultiValue": false,
          "Type": "Text",
          "DeriveFieldsFormat": "",
          "Components": [],
          "SetValues": [],
          "Metadata": [
            {
              "Key": "Color",
              "Value": "#8a97a0"
            },
            {
              "Key": "Hotkey",
              "Value": "a"
            }
          ]
        },
        {
          "FieldId": "EasyJet.IATA.ColorFormatOne.CurrencyOfBilling",
          "FieldName": "Currency of Billing",
          "IsMultiValue": false,
          "Type": "Text",
          "DeriveFieldsFormat": "",
          "Components": [],
          "SetValues": [],
          "Metadata": [
            {
              "Key": "Color",
              "Value": "#ba2ee4"
            },
            {
              "Key": "Hotkey",
              "Value": "r"
            }
          ]
        },
        {
          "FieldId": "EasyJet.IATA.ColorFormatOne.BankAccount",
          "FieldName": "Bank Account No",
          "IsMultiValue": false,
          "Type": "Text",
          "DeriveFieldsFormat": "",
          "Components": [],
          "SetValues": [],
          "Metadata": [
            {
              "Key": "Color",
              "Value": "#e659f8"
            },
            {
              "Key": "Hotkey",
              "Value": "k"
            }
          ]
        },
        {
          "FieldId": "EasyJet.IATA.ColorFormatOne.IBAN",
          "FieldName": "IBAN",
          "IsMultiValue": false,
          "Type": "Text",
          "DeriveFieldsFormat": "",
          "Components": [],
          "SetValues": [],
          "Metadata": [
            {
              "Key": "Color",
              "Value": "#f9c342"
            },
            {
              "Key": "Hotkey",
              "Value": "q"
            }
          ]
        },
        {
          "FieldId": "EasyJet.IATA.ColorFormatOne.VAT",
          "FieldName": "VAT Amount",
          "IsMultiValue": false,
          "Type": "Text",
          "DeriveFieldsFormat": "",
          "Components": [],
          "SetValues": [],
          "Metadata": [
            {
              "Key": "Color",
              "Value": "#857c60"
            },
            {
              "Key": "Hotkey",
              "Value": "w"
            }
          ]
        },
        {
          "FieldId": "EasyJet.IATA.ColorFormatOne.Tax",
          "FieldName": "Tax Amount",
          "IsMultiValue": false,
          "Type": "Text",
          "DeriveFieldsFormat": "",
          "Components": [],
          "SetValues": [],
          "Metadata": [
            {
              "Key": "Color",
              "Value": "#9da027"
            },
            {
              "Key": "Hotkey",
              "Value": "x"
            }
          ]
        },
        {
          "FieldId": "EasyJet.IATA.ColorFormatOne.TotalAmount",
          "FieldName": "Total Amount",
          "IsMultiValue": false,
          "Type": "Text",
          "DeriveFieldsFormat": "",
          "Components": [],
          "SetValues": [],
          "Metadata": [
            {
              "Key": "Color",
              "Value": "#66c795"
            },
            {
              "Key": "Hotkey",
              "Value": "e"
            }
          ]
        },
        {
          "FieldId": "EasyJet.IATA.ColorFormatOne.ItemTable",
          "FieldName": "ItemTable",
          "IsMultiValue": false,
          "Type": "Table",
          "DeriveFieldsFormat": "",
          "Components": [
            {
              "FieldId": "EasyJet.IATA.ColorFormatOne.ItemTable.DateOfService",
              "FieldName": "Date of Service",
              "IsMultiValue": false,
              "Type": "Text",
              "DeriveFieldsFormat": "",
              "Components": [],
              "SetValues": [],
              "Metadata": []
            },
            {
              "FieldId": "EasyJet.IATA.ColorFormatOne.ItemTable.ChargeCode",
              "FieldName": "Charge Code",
              "IsMultiValue": false,
              "Type": "Text",
              "DeriveFieldsFormat": "",
              "Components": [],
              "SetValues": [],
              "Metadata": []
            },
            {
              "FieldId": "EasyJet.IATA.ColorFormatOne.ItemTable.LocCode",
              "FieldName": "Location Code",
              "IsMultiValue": false,
              "Type": "Text",
              "DeriveFieldsFormat": "",
              "Components": [],
              "SetValues": [],
              "Metadata": []
            },
            {
              "FieldId": "EasyJet.IATA.ColorFormatOne.ItemTable.ProductId",
              "FieldName": "Product ID",
              "IsMultiValue": false,
              "Type": "Text",
              "DeriveFieldsFormat": "",
              "Components": [],
              "SetValues": [],
              "Metadata": []
            },
            {
              "FieldId": "EasyJet.IATA.ColorFormatOne.ItemTable.Description",
              "FieldName": "Description",
              "IsMultiValue": false,
              "Type": "Text",
              "DeriveFieldsFormat": "",
              "Components": [],
              "SetValues": [],
              "Metadata": []
            },
            {
              "FieldId": "EasyJet.IATA.ColorFormatOne.ItemTable.Quantity",
              "FieldName": "Quantity",
              "IsMultiValue": false,
              "Type": "Text",
              "DeriveFieldsFormat": "",
              "Components": [],
              "SetValues": [],
              "Metadata": []
            },
            {
              "FieldId": "EasyJet.IATA.ColorFormatOne.ItemTable.Line_tax",
              "FieldName": "Line_tax",
              "IsMultiValue": false,
              "Type": "Text",
              "DeriveFieldsFormat": "",
              "Components": [],
              "SetValues": [],
              "Metadata": []
            },
            {
              "FieldId": "EasyJet.IATA.ColorFormatOne.ItemTable.Line_vat",
              "FieldName": "Line_vat",
              "IsMultiValue": false,
              "Type": "Text",
              "DeriveFieldsFormat": "",
              "Components": [],
              "SetValues": [],
              "Metadata": []
            },
            {
              "FieldId": "EasyJet.IATA.ColorFormatOne.ItemTable.Line_total_amt",
              "FieldName": "Line_amount",
              "IsMultiValue": false,
              "Type": "Text",
              "DeriveFieldsFormat": "",
              "Components": [],
              "SetValues": [],
              "Metadata": []
            }
          ],
          "SetValues": [],
          "Metadata": [
            {
              "Key": "Color",
              "Value": "#a8a872"
            },
            {
              "Key": "Hotkey",
              "Value": "m"
            }
          ]
        }
      ]
    },
    {
      "DocumentTypeId": "EasyJet.IATA.BlackFormatOne",
      "Group": "EasyJet",
      "Category": "IATA",
      "Name": "BlackFormatOne",
      "OptionalUniqueIdentifier": "",
      "TypeField": {
        "FieldId": "EasyJet.IATA.BlackFormatOne.DocumentType",
        "FieldName": "Document Type"
      },
      "Fields": [
        {
          "FieldId": "EasyJet.IATA.BlackFormatOne.InvoiceNo",
          "FieldName": "InvoiceNo",
          "IsMultiValue": false,
          "Type": "Text",
          "DeriveFieldsFormat": "",
          "Components": [],
          "SetValues": [],
          "Metadata": [
            {
              "Key": "Color",
              "Value": "#038a18"
            },
            {
              "Key": "Hotkey",
              "Value": "v"
            }
          ]
        },
        {
          "FieldId": "EasyJet.IATA.BlackFormatOne.ItemTable",
          "FieldName": "ItemTable",
          "IsMultiValue": false,
          "Type": "Table",
          "DeriveFieldsFormat": "",
          "Components": [
            {
              "FieldId": "EasyJet.IATA.BlackFormatOne.ItemTable.LineNo",
              "FieldName": "LineNo",
              "IsMultiValue": false,
              "Type": "Text",
              "DeriveFieldsFormat": "",
              "Components": [],
              "SetValues": [],
              "Metadata": []
            }
          ],
          "SetValues": [],
          "Metadata": [
            {
              "Key": "Color",
              "Value": "#fa6616"
            },
            {
              "Key": "Hotkey",
              "Value": "e"
            }
          ]
        }
      ]
    }
  ],
  "Groups": [
    {
      "Name": "EasyJet",
      "Categories": [
        "IATA"
      ]
    }
  ],
  "SupportedLanguages": [
    {
      "Name": "Undetermined Language",
      "Code": "und"
    },
    {
      "Name": "Bulgarian",
      "Code": "bul"
    },
    {
      "Name": "Cantonese",
      "Code": "yue"
    },
    {
      "Name": "Danish",
      "Code": "dan"
    },
    {
      "Name": "Dutch",
      "Code": "nld"
    },
    {
      "Name": "English",
      "Code": "eng"
    },
    {
      "Name": "French",
      "Code": "fra"
    },
    {
      "Name": "Georgian",
      "Code": "kat"
    },
    {
      "Name": "German",
      "Code": "deu"
    },
    {
      "Name": "Greek",
      "Code": "ell"
    },
    {
      "Name": "Hebrew",
      "Code": "heb"
    },
    {
      "Name": "Hindi",
      "Code": "hin"
    },
    {
      "Name": "Italian",
      "Code": "ita"
    },
    {
      "Name": "Japanese",
      "Code": "jpn"
    },
    {
      "Name": "Korean",
      "Code": "kor"
    },
    {
      "Name": "Macedonian",
      "Code": "mkd"
    },
    {
      "Name": "Mandarin",
      "Code": "zho"
    },
    {
      "Name": "Marathi",
      "Code": "mar"
    },
    {
      "Name": "Norwegian",
      "Code": "nor"
    },
    {
      "Name": "Polish",
      "Code": "pol"
    },
    {
      "Name": "Portuguese",
      "Code": "por"
    },
    {
      "Name": "Romanian",
      "Code": "ron"
    },
    {
      "Name": "Russian",
      "Code": "rus"
    },
    {
      "Name": "Serbian",
      "Code": "srp"
    },
    {
      "Name": "Spanish",
      "Code": "spa"
    },
    {
      "Name": "Swedish",
      "Code": "swe"
    },
    {
      "Name": "Telugu",
      "Code": "tel"
    }
  ]
}