{"OpenedDocuments":"[\"Main.xaml\"]","ProjectBreakpoints":"{\"Value\":{\"Main.xaml\":[{\"ConditionalExpression\":null,\"ActionExpression\":null,\"ExpectedHitCounter\":null,\"ShouldContinueAfterAction\":false,\"IsTransient\":false,\"IsEnabled\":true,\"Id\":\"488944a2-a1cc-4800-a319-8596ca0a7ddc\",\"ActivityIdRef\":\"Sequence_22\",\"ActivityId\":\"1.38\",\"ActivityName\":\"Sequence - Validation Station\"}]}}","ProjectWatches":"{\"Value\":[]}","ProjectSettings":"{\"IncludeSourcesByDefault\":true,\"RemoveUnusedDependencies\":false}"}