{"DocumentTypeId":"EasyJet.IATA.ColorFormatOne","FormId":"9ce784cd","FormName":"12019-ORF2207240","OriginalFileExtension":"pdf","Pages":[{"Page":0,"Size":[0.0,0.0,841.0,595.0],"SkewAngle":0.0,"Evidence":[{"Text":"2022-07-01","Box":[271.2,53.496,49.4046,11.8157]},{"Text":"231.75","Box":[271.2,795.24,29.6428,11.8157]},{"Text":"2022-07-01","Box":[284.52,53.496,49.4046,11.8157]},{"Text":"3,310.71","Box":[284.52,785.304,39.5237,11.8157]},{"Text":"3,542.46","Box":[330.906,786.168,39.5237,11.3837]}],"Fields":[{"Field":"EasyJet.IATA.ColorFormatOne.InvoiceNumber","Box":[66.1891,413.7947,64.3881,18.9112]},{"Field":"EasyJet.IATA.ColorFormatOne.InvoiceDate","Box":[81.9485,414.6953,60.786,14.8588]},{"Field":"EasyJet.IATA.ColorFormatOne.BillingEntityName","Box":[71.92,142.68,129.92,8.12]},{"Field":"EasyJet.IATA.ColorFormatOne.LocationCode","Box":[166.5985,418.7477,31.5186,13.0577]},{"Field":"EasyJet.IATA.ColorFormatOne.CurrencyOfBilling","Box":[135.233,416.6743,25.8707,13.3273]},{"Field":"EasyJet.IATA.ColorFormatOne.VAT","Box":[375.5221,796.9714,30.1678,19.8117]},{"Field":"EasyJet.IATA.ColorFormatOne.Tax","Box":[359.7628,792.919,38.2726,18.9112]},{"Field":"EasyJet.IATA.ColorFormatOne.TotalAmount","Box":[399.3862,777.1597,51.7806,17.1101]}],"Tables":[{"FieldId":"EasyJet.IATA.ColorFormatOne.ItemTable","Headers":[{"FieldId":"EasyJet.IATA.ColorFormatOne.ItemTable.DateOfService","Box":[0.0,0.0,0.0,0.0]},{"FieldId":"EasyJet.IATA.ColorFormatOne.ItemTable.ChargeCode","Box":[0.0,0.0,0.0,0.0]},{"FieldId":"EasyJet.IATA.ColorFormatOne.ItemTable.LocCode","Box":[0.0,0.0,0.0,0.0]},{"FieldId":"EasyJet.IATA.ColorFormatOne.ItemTable.ProductId","Box":[0.0,0.0,0.0,0.0]},{"FieldId":"EasyJet.IATA.ColorFormatOne.ItemTable.Description","Box":[0.0,0.0,0.0,0.0]},{"FieldId":"EasyJet.IATA.ColorFormatOne.ItemTable.Quantity","Box":[0.0,0.0,0.0,0.0]},{"FieldId":"EasyJet.IATA.ColorFormatOne.ItemTable.Line_tax","Box":[0.0,0.0,0.0,0.0]},{"FieldId":"EasyJet.IATA.ColorFormatOne.ItemTable.Line_vat","Box":[0.0,0.0,0.0,0.0]},{"FieldId":"EasyJet.IATA.ColorFormatOne.ItemTable.Line_total_amt","Box":[0.0,0.0,0.0,0.0]}],"Cells":[{"Row":0,"Column":0,"Box":[272.6,51.04,54.52,9.28]},{"Row":0,"Column":1,"Box":[271.2843,114.656,27.9815,12.6258]},{"Row":0,"Column":2,"Box":[274.92,151.96,17.4,3.48]},{"Row":0,"Column":3,"Box":[272.6,179.8,39.44,9.28]},{"Row":0,"Column":4,"Box":[271.44,227.36,135.72,10.44]},{"Row":0,"Column":5,"Box":[271.44,379.32,11.6,10.44]},{"Row":0,"Column":6,"Box":[270.943,679.7462,24.9104,13.3083]},{"Row":0,"Column":7,"Box":[272.308,728.5432,26.2753,11.6021]},{"Row":0,"Column":8,"Box":[270.2605,791.331,34.465,12.967]},{"Row":1,"Column":0,"Box":[284.2,52.2,53.36,9.28]},{"Row":1,"Column":1,"Box":[285.6163,112.2673,32.4176,11.6021]},{"Row":1,"Column":2,"Box":[287.68,150.8,23.2,8.12]},{"Row":1,"Column":3,"Box":[286.52,180.96,42.92,8.12]},{"Row":1,"Column":4,"Box":[286.52,227.36,136.88,9.28]},{"Row":1,"Column":5,"Box":[285.36,372.36,24.36,8.12]},{"Row":1,"Column":6,"Box":[286.2987,679.7462,24.5691,10.5784]},{"Row":1,"Column":7,"Box":[285.275,727.5195,26.2753,11.2609]},{"Row":1,"Column":8,"Box":[284.5925,780.7527,44.7022,12.967]}]}]},{"Page":1,"Size":[0.0,0.0,841.0,595.0],"SkewAngle":0.0,"Evidence":[{"Text":"Branch","Box":[131.088,746.136,29.6428,11.8157]},{"Text":"IBAN","Box":[172.362,137.592,19.7619,11.3837]},{"Text":"SWIFT","Box":[172.362,320.112,24.7023,11.3837]},{"Text":"Bank","Box":[172.362,415.08,19.7619,11.3837]},{"Text":"Reference","Box":[172.362,705.24,44.4641,11.3837]}],"Fields":[{"Field":"EasyJet.IATA.ColorFormatOne.BankAccount","Box":[185.96,414.245,76.5453,22.063]},{"Field":"EasyJet.IATA.ColorFormatOne.IBAN","Box":[186.4103,73.8437,153.0905,21.6128]}],"Tables":[]}],"AnchorBasedConfiguration":{"AnchorBasedFieldConfiguration":[]}}