{"DocumentTypeId":"EasyJet.IATA.ColorFormatOne","FormId":"5c76736a","FormName":"12019-CGF2207313","OriginalFileExtension":"pdf","Pages":[{"Page":0,"Size":[0.0,0.0,841.0,595.0],"SkewAngle":0.0,"Evidence":[{"Text":"2022-07-01","Box":[275.088,53.496,49.4046,11.8157]},{"Text":"7,344.00","Box":[275.088,785.304,39.5237,11.8157]},{"Text":"2022-07-01","Box":[296.112,53.496,49.4046,11.8157]},{"Text":"11,737.50","Box":[296.112,780.336,44.4641,11.8157]},{"Text":"19,081.50","Box":[346.386,781.2,44.4641,11.3837]}],"Fields":[{"Field":"EasyJet.IATA.ColorFormatOne.InvoiceNumber","Box":[65.1697,414.8106,62.0664,20.1716]},{"Field":"EasyJet.IATA.ColorFormatOne.InvoiceDate","Box":[81.2036,415.845,60.5148,13.9649]},{"Field":"EasyJet.IATA.ColorFormatOne.BillingEntityName","Box":[73.08,141.52,126.44,8.12]},{"Field":"EasyJet.IATA.ColorFormatOne.LocationCode","Box":[168.0966,418.4311,34.6538,12.4133]},{"Field":"EasyJet.IATA.ColorFormatOne.CurrencyOfBilling","Box":[133.2788,416.9466,31.0684,16.2096]},{"Field":"EasyJet.IATA.ColorFormatOne.VAT","Box":[393.9082,795.54,35.6478,16.6356]},{"Field":"EasyJet.IATA.ColorFormatOne.Tax","Box":[377.2725,791.3811,43.3715,16.0415]},{"Field":"EasyJet.IATA.ColorFormatOne.TotalAmount","Box":[411.1379,770.5866,60.6013,19.6063]}],"Tables":[{"FieldId":"EasyJet.IATA.ColorFormatOne.ItemTable","Headers":[{"FieldId":"EasyJet.IATA.ColorFormatOne.ItemTable.DateOfService","Box":[0.0,0.0,0.0,0.0]},{"FieldId":"EasyJet.IATA.ColorFormatOne.ItemTable.ChargeCode","Box":[0.0,0.0,0.0,0.0]},{"FieldId":"EasyJet.IATA.ColorFormatOne.ItemTable.LocCode","Box":[0.0,0.0,0.0,0.0]},{"FieldId":"EasyJet.IATA.ColorFormatOne.ItemTable.ProductId","Box":[0.0,0.0,0.0,0.0]},{"FieldId":"EasyJet.IATA.ColorFormatOne.ItemTable.Description","Box":[0.0,0.0,0.0,0.0]},{"FieldId":"EasyJet.IATA.ColorFormatOne.ItemTable.Quantity","Box":[0.0,0.0,0.0,0.0]},{"FieldId":"EasyJet.IATA.ColorFormatOne.ItemTable.Line_tax","Box":[0.0,0.0,0.0,0.0]},{"FieldId":"EasyJet.IATA.ColorFormatOne.ItemTable.Line_vat","Box":[0.0,0.0,0.0,0.0]},{"FieldId":"EasyJet.IATA.ColorFormatOne.ItemTable.Line_total_amt","Box":[0.0,0.0,0.0,0.0]}],"Cells":[{"Row":0,"Column":0,"Box":[272.6,48.72,62.64,15.08]},{"Row":0,"Column":1,"Box":[272.8614,115.7184,32.8694,17.5604]},{"Row":0,"Column":2,"Box":[273.76,150.8,23.2,13.92]},{"Row":0,"Column":3,"Box":[276.08,179.8,39.44,11.6]},{"Row":0,"Column":4,"Box":[270.1598,223.7824,139.5826,20.7123]},{"Row":0,"Column":5,"Box":[273.76,375.84,19.72,11.6]},{"Row":0,"Column":6,"Box":[271.9609,676.3,27.9165,18.0107]},{"Row":0,"Column":7,"Box":[271.9609,725.379,28.817,18.9112]},{"Row":0,"Column":8,"Box":[271.9609,771.3062,55.833,17.1101]},{"Row":1,"Column":0,"Box":[294.64,51.04,54.52,13.92]},{"Row":1,"Column":1,"Box":[294.0239,112.5666,34.2202,16.6599]},{"Row":1,"Column":2,"Box":[295.8,151.96,25.52,11.6]},{"Row":1,"Column":3,"Box":[298.12,179.8,39.44,9.28]},{"Row":1,"Column":4,"Box":[292.32,226.2,139.2,19.72]},{"Row":1,"Column":5,"Box":[295.8,374.68,24.36,11.6]},{"Row":1,"Column":6,"Box":[293.1234,674.9492,30.1678,18.9112]},{"Row":1,"Column":7,"Box":[294.4742,724.9288,29.2673,17.1101]},{"Row":1,"Column":8,"Box":[292.6731,774.0078,53.1314,19.8117]}]}]},{"Page":1,"Size":[0.0,0.0,841.0,595.0],"SkewAngle":0.0,"Evidence":[{"Text":"Branch","Box":[131.088,746.136,29.6428,11.8157]},{"Text":"IBAN","Box":[172.362,137.592,19.7619,11.3837]},{"Text":"SWIFT","Box":[172.362,320.112,24.7023,11.3837]},{"Text":"Bank","Box":[172.362,415.08,19.7619,11.3837]},{"Text":"Reference","Box":[172.362,705.24,44.4641,11.3837]}],"Fields":[{"Field":"EasyJet.IATA.ColorFormatOne.BankAccount","Box":[187.7509,413.7761,79.1347,18.6199]},{"Field":"EasyJet.IATA.ColorFormatOne.IBAN","Box":[187.7509,74.9969,154.1316,19.6544]}],"Tables":[]}],"AnchorBasedConfiguration":{"AnchorBasedFieldConfiguration":[]}}