{"DocumentTypeId":"EasyJet.IATA.ColorFormatOne","FormId":"ebcbd07f","FormName":"13558-81003732","OriginalFileExtension":"pdf","Pages":[{"Page":0,"Size":[0.0,0.0,841.0,595.0],"SkewAngle":0.0,"Evidence":[{"Text":"2022-08-06","Box":[263.352,43.56,49.4046,11.8157]},{"Text":"122,628.66","Box":[268.608,775.44,49.4046,11.8157]},{"Text":"2022-08-06","Box":[300.144,43.56,49.4046,11.8157]},{"Text":"927.14","Box":[305.4,795.24,29.6428,11.8157]},{"Text":"123,555.80","Box":[360.93,776.304,49.4046,11.3837]}],"Fields":[{"Field":"EasyJet.IATA.ColorFormatOne.InvoiceNumber","Box":[71.2956,417.6734,58.8189,13.0709]},{"Field":"EasyJet.IATA.ColorFormatOne.InvoiceDate","Box":[83.7723,417.0792,58.8189,13.0709]},{"Field":"EasyJet.IATA.ColorFormatOne.BillingEntityName","Box":[61.032,138.615,106.5474,24.8266]},{"Field":"EasyJet.IATA.ColorFormatOne.LocationCode","Box":[163.4416,416.8795,28.9643,19.6544]},{"Field":"EasyJet.IATA.ColorFormatOne.CurrencyOfBilling","Box":[134.2734,415.891,36.2419,16.0415]},{"Field":"EasyJet.IATA.ColorFormatOne.VAT","Box":[408.6039,800.1396,29.4815,15.5166]},{"Field":"EasyJet.IATA.ColorFormatOne.Tax","Box":[391.5357,797.0363,35.6882,16.551]},{"Field":"EasyJet.IATA.ColorFormatOne.TotalAmount","Box":[427.2239,768.072,62.0664,18.1027]}],"Tables":[{"FieldId":"EasyJet.IATA.ColorFormatOne.ItemTable","Headers":[{"FieldId":"EasyJet.IATA.ColorFormatOne.ItemTable.DateOfService","Box":[0.0,0.0,0.0,0.0]},{"FieldId":"EasyJet.IATA.ColorFormatOne.ItemTable.ChargeCode","Box":[0.0,0.0,0.0,0.0]},{"FieldId":"EasyJet.IATA.ColorFormatOne.ItemTable.LocCode","Box":[0.0,0.0,0.0,0.0]},{"FieldId":"EasyJet.IATA.ColorFormatOne.ItemTable.ProductId","Box":[0.0,0.0,0.0,0.0]},{"FieldId":"EasyJet.IATA.ColorFormatOne.ItemTable.Description","Box":[0.0,0.0,0.0,0.0]},{"FieldId":"EasyJet.IATA.ColorFormatOne.ItemTable.Quantity","Box":[0.0,0.0,0.0,0.0]},{"FieldId":"EasyJet.IATA.ColorFormatOne.ItemTable.Line_tax","Box":[0.0,0.0,0.0,0.0]},{"FieldId":"EasyJet.IATA.ColorFormatOne.ItemTable.Line_vat","Box":[0.0,0.0,0.0,0.0]},{"FieldId":"EasyJet.IATA.ColorFormatOne.ItemTable.Line_total_amt","Box":[0.0,0.0,0.0,0.0]}],"Cells":[{"Row":0,"Column":0,"Box":[254.2876,43.3715,68.3249,39.8067]},{"Row":0,"Column":1,"Box":[254.8818,112.8847,33.2713,42.1832]},{"Row":0,"Column":2,"Box":[255.4759,148.5325,26.7358,38.6184]},{"Row":0,"Column":3,"Box":[254.8818,176.4566,50.501,40.4008]},{"Row":0,"Column":4,"Box":[256.07,228.74,133.0851,39.8067]},{"Row":0,"Column":5,"Box":[256.6641,365.9841,42.1832,37.4302]},{"Row":0,"Column":6,"Box":[261.4172,677.3082,27.9241,29.7065]},{"Row":0,"Column":7,"Box":[259.6348,723.6503,32.083,32.6771]},{"Row":0,"Column":8,"Box":[260.2289,768.21,60.0071,27.9241]},{"Row":1,"Column":0,"Box":[296.4709,39.2126,71.8897,29.1124]},{"Row":1,"Column":1,"Box":[297.065,111.6964,36.2419,31.4889]},{"Row":1,"Column":2,"Box":[297.6591,150.3149,33.2713,26.1417]},{"Row":1,"Column":3,"Box":[298.2532,185.3685,38.6184,26.1417]},{"Row":1,"Column":4,"Box":[297.6591,226.3635,95.0608,27.33]},{"Row":1,"Column":5,"Box":[298.8474,369.5488,37.4302,24.9535]},{"Row":1,"Column":6,"Box":[298.8474,673.7434,38.0243,26.7358]},{"Row":1,"Column":7,"Box":[299.4415,723.6503,32.083,25.5476]},{"Row":1,"Column":8,"Box":[298.2532,776.5279,52.8776,26.1417]}]}]},{"Page":1,"Size":[0.0,0.0,841.0,595.0],"SkewAngle":0.0,"Evidence":[{"Text":"IBAN","Box":[172.362,137.592,19.7619,11.3837]},{"Text":"SWIFT","Box":[172.362,320.112,24.7023,11.3837]},{"Text":"Bank","Box":[172.362,415.08,19.7619,11.3837]},{"Text":"Account","Box":[172.362,439.7823,34.5832,11.3837]},{"Text":"No","Box":[172.362,479.3059,9.8809,11.3837]}],"Fields":[{"Field":"EasyJet.IATA.ColorFormatOne.BankAccount","Box":[185.0144,423.338,59.5809,21.1669]},{"Field":"EasyJet.IATA.ColorFormatOne.IBAN","Box":[183.4464,82.3157,132.4891,20.3829]}],"Tables":[]}],"AnchorBasedConfiguration":{"AnchorBasedFieldConfiguration":[]}}